alpha_lam,alpha_theta,D_cov_1e5,D_comm_1e5,D_rot_1e5,gamma_tail,gamma_tail_plus,gamma_theory,phase_numeric,phase_theory
0.05,0.05,874.1985293480982,530.2508134417459,343.94771590634565,0.9070185346498794,0.9070185346498794,0.9,singular,singular
0.05,0.1,653.4024294827141,530.2508134417459,123.1516160409714,0.8883251864674558,0.8883251864674558,0.9,singular,singular
0.05,0.15,574.847462786596,530.2508134417459,44.596649344847414,0.8914237503100036,0.8914237503100036,0.9,singular,singular
0.05,0.2,546.705362609412,530.2508134417459,16.45454916766564,0.8985771686093182,0.8985771686093182,0.9,singular,singular
0.05,0.25,536.4840341012133,530.2508134417459,6.233220659462938,0.9039001435181342,0.9039001435181342,0.9,singular,singular
0.05,0.3,532.6998236266855,530.2508134417459,2.44901018493093,0.9069956813993088,0.9069956813993088,0.9,singular,singular
0.05,0.35,531.263128989009,530.2508134417459,1.0123155472596737,0.9086206852071625,0.9086206852071625,0.9,singular,singular
0.05,0.4,530.6995477050963,530.2508134417459,0.44873426334702055,0.9094311435413421,0.9094311435413421,0.9,singular,singular
0.05,0.45,530.4689122292252,530.2508134417459,0.2180987874760599,0.9098240876746586,0.9098240876746586,0.9,singular,singular
0.05,0.5,530.3693024420978,530.2508134417459,0.11848900034929905,0.9100114844742923,0.9100114844742923,0.9,singular,singular
0.05,0.55,530.3233310782565,530.2508134417459,0.07251763650894893,0.9100999750625297,0.9100999750625297,0.9,singular,singular
0.05,0.6,530.300411121267,530.2508134417459,0.04959767951897678,0.9101415147622407,0.9101415147622407,0.9,singular,singular
0.05,0.65,530.2879892485643,530.2508134417459,0.03717580681543855,0.9101609482770837,0.9101609482770837,0.9,singular,singular
0.05,0.7,530.2806752580647,530.2508134417459,0.029861816308734544,0.9101700238079615,0.9101700238079615,0.9,singular,singular
0.05,0.75,530.2760295869571,530.2508134417459,0.02521614520540607,0.9101742592482307,0.9101742592482307,0.9,singular,singular
0.05,0.8,530.272881175649,530.2508134417459,0.022067733907723784,0.9101762359865807,0.9101762359865807,0.9,singular,singular
0.05,0.85,530.2706315721616,530.2508134417459,0.019818130419953194,0.9101771590645861,0.9101771590645861,0.9,singular,singular
0.05,0.9,530.2689550467157,530.2508134417459,0.018141604975153623,0.910177590493981,0.910177590493981,0.9,singular,singular
0.05,0.95,530.2676633035759,530.2508134417459,0.016849861820387856,0.9101777923573814,0.9101777923573814,0.9,singular,singular
0.1,0.05,537.7179635673602,191.43353833161595,346.2844252357497,0.8689158012495745,0.8689158012495745,0.9,singular,singular
0.1,0.1,315.42611750482325,191.43353833161595,123.99257917321191,0.8085540035658587,0.8085540035658587,0.8,singular,singular
0.1,0.15,236.3359178106467,191.43353833161595,44.90237947903337,0.7905238908934772,0.7905238908934772,0.8,singular,singular
0.1,0.2,208.0012800732143,191.43353833161595,16.567741741602116,0.7940209476544416,0.7940209476544416,0.8,singular,singular
0.1,0.25,197.7097662590024,191.43353833161595,6.276227927386898,0.8013208501149228,0.8013208501149228,0.8,singular,singular
0.1,0.3,193.8994824288202,191.43353833161595,2.465944097203909,0.8066906111163075,0.8066906111163075,0.8,singular,singular
0.1,0.35,192.45285921977447,191.43353833161595,1.0193208881602882,0.809801173740657,0.809801173740657,0.8,singular,singular
0.1,0.4,191.8853753865192,191.43353833161595,0.45183705490392795,0.8114314233849356,0.8114314233849356,0.8,singular,singular
0.1,0.45,191.65314281873168,191.43353833161595,0.21960448711755534,0.8122439502942619,0.8122439502942619,0.8,singular,singular
0.1,0.5,191.55284553464475,191.43353833161595,0.11930720302818879,0.8126378130354937,0.8126378130354937,0.8,singular,singular
0.1,0.55,191.50655943656673,191.43353833161595,0.07302110495451172,0.8128256546301997,0.8128256546301997,0.8,singular,singular
0.1,0.6,191.4834847128094,191.43353833161595,0.04994638119655649,0.8129143714402993,0.8129143714402993,0.8,singular,singular
0.1,0.65,191.47098055809656,191.43353833161595,0.03744222648425767,0.8129560287278422,0.8129560287278422,0.8,singular,singular
0.1,0.7,191.46361921780695,191.43353833161595,0.03008088619308303,0.8129755237284986,0.8129755237284986,0.8,singular,singular
0.1,0.75,191.45894418712348,191.43353833161595,0.025405855508824467,0.8129846313490917,0.8129846313490917,0.8,singular,singular
0.1,0.8,191.4557763288234,191.43353833161595,0.02223799721064313,0.8129888834495673,0.8129888834495673,0.8,singular,singular
0.1,0.85,191.4535131068844,191.43353833161595,0.01997477526981751,0.812990868783153,0.812990868783153,0.8,singular,singular
0.1,0.9,191.45182660019762,191.43353833161595,0.01828826858396116,0.812991796267732,0.812991796267732,0.8,singular,singular
0.1,0.95,191.45052726767187,191.43353833161595,0.016988936057381394,0.8129922299432043,0.8129922299432043,0.8,singular,singular
0.15,0.05,414.97106675547536,67.81981146484219,347.1512552906403,0.8668811026675823,0.8668811026675823,0.9,singular,singular
0.15,0.1,192.12917362904219,67.81981146484219,124.3093621642007,0.7688082357144751,0.7688082357144751,0.8,singular,singular
0.15,0.15,112.83963202511643,67.81981146484219,45.019820560274304,0.7077408635103117,0.7077408635103117,0.7,singular,singular
0.15,0.2,84.43216000595743,67.81981146484219,16.61234854111683,0.6893911130154149,0.6893911130154149,0.7,singular,singular
0.15,0.25,74.11357822143852,67.81981146484219,6.293766756597529,0.6928947153429844,0.6928947153429844,0.7,singular,singular
0.15,0.3,70.29299230879352,67.81981146484219,2.473180843952497,0.7003085273659441,0.7003085273659441,0.7,singular,singular
0.15,0.35,68.84232433429231,67.81981146484219,1.0225128694512624,0.7057766503326639,0.7057766503326639,0.7,singular,singular
0.15,0.4,68.27318815516698,67.81981146484219,0.4533766903255053,0.7089484009288077,0.7089484009288077,0.7,singular,singular
0.15,0.45,68.04024611676778,67.81981146484219,0.22043465192591513,0.7106121299782419,0.7106121299782419,0.7,singular,singular
0.15,0.5,67.93962515219764,67.81981146484219,0.11981368735515005,0.7114418737420597,0.7114418737420597,0.7,singular,singular
0.15,0.55,67.8931805746385,67.81981146484219,0.0733691097960174,0.7118442991060129,0.7118442991060129,0.7,singular,singular
0.15,0.6,67.87002201791552,67.81981146484219,0.05021055307374173,0.7120363179181575,0.7120363179181575,0.7,singular,singular
0.15,0.65,67.85746988025066,67.81981146484219,0.03765841540888832,0.7121270491650752,0.7121270491650752,0.7,singular,singular
0.15,0.7,67.85007894613842,67.81981146484219,0.030267481296825875,0.7121696711231952,0.7121696711231952,0.7,singular,singular
0.15,0.75,67.84538441002711,67.81981146484219,0.025572945185111766,0.7121896261525912,0.7121896261525912,0.7,singular,singular
0.15,0.8,67.8422029518592,67.81981146484219,0.022391487017283544,0.7121989526285268,0.7121989526285268,0.7,singular,singular
0.15,0.85,67.83992979939677,67.81981146484219,0.020118334554432897,0.712203308724246,0.712203308724246,0.7,singular,singular
0.15,0.9,67.83823576546145,67.81981146484219,0.0184243006195045,0.7122053434547491,0.7122053434547491,0.7,singular,singular
0.15,0.95,67.8369305528289,67.81981146484219,0.017119087987239927,0.7122062944059263,0.7122062944059263,0.7,singular,singular
0.2,0.05,371.47155947800013,24.007705234220474,347.4638542437878,0.8785328297456557,0.8785328297456557,0.9,singular,singular
0.2,0.1,148.4336394054896,24.007705234220474,124.42593417126628,0.7673327610529778,0.7673327610529778,0.8,singular,singular
0.2,0.15,69.07190078199105,24.007705234220474,45.06419554777117,0.6684940540926296,0.6684940540926296,0.7,singular,singular
0.2,0.2,40.63751547632772,24.007705234220474,16.62981024210643,0.6061835712336408,0.6061835712336408,0.6,singular,singular
0.2,0.25,30.308677125748584,24.007705234220474,6.300971891527669,0.586925204722782,0.586925204722782,0.6,singular,singular
0.2,0.3,26.48406185873274,24.007705234220474,2.476356624512359,0.5902544131990473,0.5902544131990473,0.6,singular,singular
0.2,0.35,25.031747452044073,24.007705234220474,1.0240422178231587,0.597807824552457,0.597807824552457,0.6,singular,singular
0.2,0.4,24.461904423440224,24.007705234220474,0.4541991892193559,0.6034329105864322,0.6034329105864322,0.6,singular,singular
0.2,0.45,24.22864007527403,24.007705234220474,0.22093484105301825,0.6067083698799183,0.6067083698799183,0.6,singular,singular
0.2,0.5,24.127861469411577,24.007705234220474,0.12015623519046063,0.6084299704041656,0.6084299704041656,0.6,singular,singular
0.2,0.55,24.081333635567056,24.007705234220474,0.07362840134610381,0.6092896450372635,0.6092896450372635,0.6,singular,singular
0.2,0.6,24.05812752366672,24.007705234220474,0.05042228944572599,0.6097069519617629,0.6097069519617629,0.6,singular,singular
0.2,0.65,24.045546124101612,24.007705234220474,0.037840889880791234,0.6099062074138096,0.6099062074138096,0.6,singular,singular
0.2,0.7,24.038135949330186,24.007705234220474,0.030430715109499008,0.6100004119948477,0.6100004119948477,0.6,singular,singular
0.2,0.75,24.033428028518145,24.007705234220474,0.025722794297713836,0.6100446880253971,0.6100446880253971,0.6,singular,singular
0.2,0.8,24.030236817143823,24.007705234220474,0.022531582922967964,0.6100654271170766,0.6100654271170766,0.6,singular,singular
0.2,0.85,24.02795628522152,24.007705234220474,0.02025105100028767,0.6100751242901449,0.6100751242901449,0.6,singular,singular
0.2,0.9,24.02625649556866,24.007705234220474,0.0185512613478792,0.6100796554267687,0.6100796554267687,0.6,singular,singular
0.2,0.95,24.024946681706986,24.007705234220474,0.017241447485931916,0.6100817727795033,0.6100817727795033,0.6,singular,singular
0.25,0.05,356.197171496351,8.621211020610913,347.57596047573765,0.8889391797061181,0.8889391797061181,0.9,singular,singular
0.25,0.1,133.0900861687104,8.621211020610913,124.46887514809991,0.7791354938623115,0.7791354938623115,0.8,singular,singular
0.25,0.15,53.70235088183333,8.621211020610913,45.08113986122183,0.6679288170362402,0.6679288170362402,0.7,singular,singular
0.25,0.2,25.258023841028283,8.621211020610913,16.63681282041743,0.5684853887964613,0.5684853887964613,0.6,singular,singular
0.25,0.25,14.925272658146103,8.621211020610913,6.30406163753554,0.5046139751201124,0.5046139751201124,0.5,singular,singular
0.25,0.3,11.099056571590886,8.621211020610913,2.477845550979928,0.4841436753426825,0.4841436753426825,0.5,singular,singular
0.25,0.35,9.646054218083808,8.621211020610913,1.024843197473206,0.4872327347696892,0.4872327347696892,0.5,singular,singular
0.25,0.4,9.075897259781966,8.621211020610913,0.45468623917133766,0.4949754678863821,0.4949754678863821,0.5,singular,singular
0.25,0.45,8.842479298463392,8.621211020610913,0.2212682778525757,0.5008148796883907,0.5008148796883907,0.5,singular,singular
0.25,0.5,8.741619558053136,8.621211020610913,0.12040853744225151,0.504231910335466,0.504231910335466,0.5,singular,singular
0.25,0.55,8.695045396927227,8.621211020610913,0.07383437631654406,0.5060323557139981,0.5060323557139981,0.5,singular,singular
0.25,0.6,8.671810798569174,8.621211020610913,0.050599777958510964,0.5069327096134861,0.5069327096134861,0.5,singular,singular
0.25,0.65,8.659210685592942,8.621211020610913,0.037999664982069595,0.5073701917443164,0.5073701917443164,0.5,singular,singular
0.25,0.7,8.651787506212688,8.621211020610913,0.030576485601733126,0.5075792341722586,0.5075792341722586,0.5,singular,singular
0.25,0.75,8.64707011873411,8.621211020610913,0.02585909812311119,0.5076781251615472,0.5076781251615472,0.5,singular,singular
0.25,0.8,8.64387175135892,8.621211020610913,0.02266073074817424,0.507724627933057,0.507724627933057,0.5,singular,singular
0.25,0.85,8.641585642558852,8.621211020610913,0.02037462194798648,0.5077464202538902,0.5077464202538902,0.5,singular,singular
0.25,0.9,8.639881397725357,8.621211020610913,0.018670377114544365,0.5077566143393784,0.5077566143393784,0.5,singular,singular
0.25,0.95,8.638567951979125,8.621211020610913,0.01735693136816444,0.5077613796378282,0.5077613796378282,0.5,singular,singular
0.3,0.05,350.80424230296785,3.187606625726353,347.61663567723474,0.8951715193729481,0.8951715193729481,0.9,singular,singular
0.3,0.1,127.67263384510824,3.187606625726353,124.48502721937965,0.7892909259725872,0.7892909259725872,0.8,singular,singular
0.3,0.15,48.275442265673504,3.187606625726353,45.08783563994794,0.6797369674948657,0.6797369674948657,0.7,singular,singular
0.3,0.2,19.8273799064327,3.187606625726353,16.639773280706468,0.5688545291022368,0.5688545291022368,0.6,singular,singular
0.3,0.25,9.49309742633735,3.187606625726353,6.30549080061074,0.4688554680834971,0.4688554680834971,0.5,singular,singular
0.3,0.3,5.6662223135014695,3.187606625726353,2.4786156877750396,0.40330235090120015,0.40330235090120015,0.4,singular,singular
0.3,0.35,4.212918873140324,3.187606625726353,1.0253122474139977,0.38147941874572294,0.38147941874572294,0.4,singular,singular
0.3,0.4,3.642614448702954,3.187606625726353,0.4550078229765732,0.3843155949388122,0.3843155949388122,0.4,singular,singular
0.3,0.45,3.4091185504985284,3.187606625726353,0.22151192477214846,0.3923029134947344,0.3923029134947344,0.4,singular,singular
0.3,0.5,3.308214295757667,3.187606625726353,0.12060767003136416,0.39840940977072764,0.39840940977072764,0.4,singular,singular
0.3,0.55,3.2616127635953673,3.187606625726353,0.07400613786903368,0.40200146316561775,0.40200146316561775,0.4,singular,singular
0.3,0.6,3.2383601891220137,3.187606625726353,0.05075356339575127,0.4038989880096139,0.4038989880096139,0.4,singular,singular
0.3,0.65,3.2257475886360156,3.187606625726353,0.03814096290965789,0.404849291317281,0.404849291317281,0.4,singular,singular
0.3,0.7,3.218315322760164,3.187606625726353,0.030708697033767066,0.4053114950314906,0.4053114950314906,0.4,singular,singular
0.3,0.75,3.213591069297692,3.187606625726353,0.02598444357138148,0.40553251028389314,0.40553251028389314,0.4,singular,singular
0.3,0.8,3.2103873527840454,3.187606625726353,0.022780727057658837,0.40563712667760055,0.40563712667760055,0.4,singular,singular
0.3,0.85,3.208096971784606,3.187606625726353,0.020490346058233036,0.40568634678378196,0.40568634678378196,0.4,singular,singular
0.3,0.9,3.206389244823347,3.187606625726353,0.018782619097012135,0.4057094231106401,0.4057094231106401,0.4,singular,singular
0.3,0.95,3.205072912906671,3.187606625726353,0.01746628718037531,0.4057202224538099,0.4057202224538099,0.4,singular,singular
0.35,0.05,348.8664619832109,1.2346666589683692,347.63179532424095,0.8983698470601981,0.8983698470601981,0.9,singular,singular
0.35,0.1,125.72601735463432,1.2346666589683692,124.49135069566519,0.795260568772618,0.795260568772618,0.8,singular,singular
0.35,0.15,46.32530705816517,1.2346666589683692,45.09064039919686,0.6895471762007015,0.6895471762007015,0.7,singular,singular
0.35,0.2,17.875797143198835,1.2346666589683692,16.64113048423096,0.5805211137750993,0.5805211137750993,0.6,singular,singular
0.35,0.25,7.5408905259621175,1.2346666589683692,6.306223866993863,0.47003650509539785,0.47003650509539785,0.5,singular,singular
0.35,0.3,3.713729930590779,1.2346666589683692,2.4790632716224628,0.3695426717490775,0.3695426717490775,0.4,singular,singular
0.35,0.35,2.260286554699955,1.2346666589683692,1.025619895731613,0.3023016816391706,0.3023016816391706,0.30000000000000004,singular,singular
0.35,0.4,1.689908136527242,1.2346666589683692,0.4552414775588927,0.2790656826463593,0.2790656826463593,0.30000000000000004,singular,singular
0.35,0.45,1.456369966672204,1.2346666589683692,0.22170330770387614,0.28165479568390556,0.28165479568390556,0.30000000000000004,singular,singular
0.35,0.5,1.355439719690285,1.2346666589683692,0.12077306072193236,0.28993887086116865,0.28993887086116865,0.30000000000000004,singular,singular
0.35,0.55,1.3088211190848424,1.2346666589683692,0.07415446011647339,0.2963599043377502,0.2963599043377502,0.30000000000000004,singular,singular
0.35,0.6,1.2855566896536545,1.2346666589683692,0.050890030685283465,0.30015681441702846,0.30015681441702846,0.30000000000000004,singular,singular
0.35,0.65,1.2729354642135045,1.2346666589683692,0.03826880524514425,0.3021676304845729,0.3021676304845729,0.30000000000000004,singular,singular
0.35,0.7,1.2654966816475972,1.2346666589683692,0.03083002267927655,0.30317611252876736,0.30317611252876736,0.30000000000000004,singular,singular
0.35,0.75,1.2607673511867055,1.2346666589683692,0.02610069221837792,0.3036670715546432,0.3036670715546432,0.30000000000000004,singular,singular
0.35,0.8,1.2575595795063061,1.2346666589683692,0.022892920537941078,0.3039019993204827,0.3039019993204827,0.30000000000000004,singular,singular
0.35,0.85,1.2552658927767577,1.2346666589683692,0.0205992338084154,0.3040132637459578,0.3040132637459578,0.30000000000000004,singular,singular
0.35,0.9,1.2535554252760996,1.2346666589683692,0.018888766307746344,0.30406563730289954,0.30406563730289954,0.30000000000000004,singular,singular
0.35,0.95,1.252236789309936,1.2346666589683692,0.017570130341579462,0.30409020306336804,0.30409020306336804,0.30000000000000004,singular,singular
0.4,0.05,348.1496250780928,0.5119324054644698,347.63769267262785,0.899894626013079,0.899894626013079,0.9,singular,singular
0.4,0.1,125.00591412221583,0.5119324054644698,124.49398171675325,0.7982924163002374,0.7982924163002374,0.8,singular,singular
0.4,0.15,45.60384992766595,0.5119324054644698,45.09191752220076,0.6952280845197883,0.6952280845197883,0.7,singular,singular
0.4,0.2,17.15375453279294,0.5119324054644698,16.641822127328197,0.5899234965043786,0.5899234965043786,0.6,singular,singular
0.4,0.25,6.8185798002489335,0.5119324054644698,6.306647394784355,0.4814396648589976,0.4814396648589976,0.5,singular,singular
0.4,0.3,2.991287733621598,0.5119324054644698,2.4793553281570904,0.3713719959786202,0.3713719959786202,0.4,singular,singular
0.4,0.35,1.537774844423116,0.5119324054644698,1.0258424389586729,0.27045908893680953,0.27045908893680953,0.30000000000000004,singular,singular
0.4,0.4,0.9673567267605193,0.5119324054644698,0.45542432129604987,0.20157800760974837,0.20157800760974837,0.19999999999999996,singular,singular
0.4,0.45,0.7337941563581699,0.5119324054644698,0.22186175089369883,0.17690255843986907,0.17690255843986907,0.19999999999999996,singular,singular
0.4,0.5,0.632847892364475,0.5119324054644698,0.12091548690000742,0.17925178333703784,0.17925178333703784,0.19999999999999996,singular,singular
0.4,0.55,0.5862181701161264,0.5119324054644698,0.07428576465165887,0.18787840655025842,0.18787840655025842,0.19999999999999996,singular,singular
0.4,0.6,0.5629456501736394,0.5119324054644698,0.05101324470917078,0.19465664089758794,0.19465664089758794,0.19999999999999996,singular,singular
0.4,0.65,0.5503183115254108,0.5119324054644698,0.038385906060942165,0.19868555379674802,0.19868555379674802,0.19999999999999996,singular,singular
0.4,0.7,0.5428747653226756,0.5119324054644698,0.030942359858206675,0.20082449473410596,0.20082449473410596,0.19999999999999996,singular,singular
0.4,0.75,0.5381416287165349,0.5119324054644698,0.026209223252065955,0.20189870744367536,0.20189870744367536,0.19999999999999996,singular,singular
0.4,0.8,0.5349307529610312,0.5119324054644698,0.022998347496562238,0.20242213068075718,0.20242213068075718,0.19999999999999996,singular,singular
0.4,0.85,0.5326344915679807,0.5119324054644698,0.020702086103511735,0.202672757342918,0.202672757342918,0.19999999999999996,singular,singular
0.4,0.9,0.5309218582741613,0.5119324054644698,0.018989452809692303,0.20279152082570437,0.20279152082570437,0.19999999999999996,singular,singular
0.4,0.95,0.5296013788228543,0.5119324054644698,0.017668973358385326,0.20284745073494012,0.20284745073494012,0.19999999999999996,singular,singular
0.45,0.05,347.87317221666285,0.23303998678852691,347.6401322298779,0.9005937584445377,0.9005937584445377,0.9,singular,singular
0.45,0.1,124.72821213298869,0.23303998678852691,124.49517214619986,0.79972926440032,0.79972926440032,0.8,singular,singular
0.45,0.15,45.32560426796266,0.23303998678852691,45.09256428117422,0.6980912803337259,0.6980912803337259,0.7,singular,singular
0.45,0.2,16.87525944964125,0.23303998678852691,16.642219462852765,0.595303685172429,0.595303685172429,0.6,singular,singular
0.45,0.25,6.539962419443821,0.23303998678852691,6.306922432655317,0.4903981015948288,0.4903981015948288,0.5,singular,singular
0.45,0.3,2.7126057478065295,0.23303998678852691,2.4795657610180046,0.38242250742088346,0.38242250742088346,0.4,singular,singular
0.45,0.35,1.259056006693906,0.23303998678852691,1.026016019905351,0.2727805582640656,0.2727805582640656,0.30000000000000004,singular,singular
0.45,0.4,0.6886152654651442,0.23303998678852691,0.4555752786766342,0.1715260467587285,0.1715260467587285,0.19999999999999996,singular,singular
0.45,0.45,0.4550378585693322,0.23303998678852691,0.22199787178080507,0.10107270303602027,0.10107270303602027,0.09999999999999998,singular,singular
0.45,0.5,0.35408129888069817,0.23303998678852691,0.12104131209217686,0.07494228100867516,0.07494228100867516,0.09999999999999998,singular,singular
0.45,0.55,0.3074440887657236,0.23303998678852691,0.07440410197720232,0.07705251598192951,0.07705251598192951,0.09999999999999998,singular,singular
0.45,0.6,0.28416591045296424,0.23303998678852691,0.051125923664441346,0.08606041397745973,0.08606041397745973,0.09999999999999998,singular,singular
0.45,0.65,0.271534160972123,0.23303998678852691,0.03849417418360009,0.09323466906892122,0.09323466906892122,0.09999999999999998,singular,singular
0.45,0.7,0.2640870884711275,0.23303998678852691,0.03104710168260474,0.09752091425708478,0.09752091425708478,0.09999999999999998,singular,singular
0.45,0.75,0.2593510739098691,0.23303998678852691,0.026311087121346357,0.09980197352281969,0.09980197352281969,0.09999999999999998,singular,singular
0.45,0.8,0.25613780905112693,0.23303998678852691,0.023097822262604175,0.10094908099904783,0.10094908099904783,0.09999999999999998,singular,singular
0.45,0.85,0.2538395361530382,0.23303998678852691,0.02079954936451547,0.10150849872448924,0.10150849872448924,0.09999999999999998,singular,singular
0.45,0.9,0.2521251891111821,0.23303998678852691,0.019085202322659336,0.10177652869900765,0.10177652869900765,0.09999999999999998,singular,singular
0.45,0.95,0.2508032349252617,0.23303998678852691,0.01776324813673893,0.10190360479405895,0.10190360479405895,0.09999999999999998,singular,singular
0.5,0.05,347.76043873341,0.1192104615926353,347.6412282718219,0.9009073376827157,0.9009073376827157,0.9,singular,singular
0.5,0.1,124.61498105237519,0.1192104615926353,124.49577059078409,0.8003858219039315,0.8003858219039315,0.8,singular,singular
0.5,0.15,45.2121438483004,0.1192104615926353,45.09293338670689,0.6994426262301917,0.6994426262301917,0.7,singular,singular
0.5,0.2,16.76168657890077,0.1192104615926353,16.642476117308313,0.5979999637946812,0.5979999637946812,0.6,singular,singular
0.5,0.25,6.426330251842738,0.1192104615926353,6.307119790250132,0.4954757871187085,0.4954757871187085,0.5,singular,singular
0.5,0.3,2.5989398360222165,0.1192104615926353,2.479729374429511,0.39092102039434207,0.39092102039434207,0.4,singular,singular
0.5,0.35,1.145369425833582,0.1192104615926353,1.0261589642409636,0.2834192242331251,0.2834192242331251,0.30000000000000004,singular,singular
0.5,0.4,0.574915153768808,0.1192104615926353,0.4557046921761729,0.17420791253583026,0.17420791253583026,0.19999999999999996,singular,singular
0.5,0.45,0.3413283677178317,0.1192104615926353,0.22211790612519033,0.07268256489483463,0.07268256489483463,0.09999999999999998,singular,singular
0.5,0.5,0.24036498991854716,0.1192104615926353,0.12115452832591182,0.0007286266467288347,0.0007286266467288347,0.0,singular,singular
0.5,0.55,0.19372262701504472,0.1192104615926353,0.07451216542240917,-0.026871754917806433,0.0,0.0,singular,singular
0.5,0.6,0.17044042974935092,0.1192104615926353,0.0512299681567128,-0.02500862413890139,0.0,0.0,singular,singular
0.5,0.65,0.1578054644023833,0.1192104615926353,0.038595002809745184,-0.015587371015604947,0.0,0.0,singular,singular
0.5,0.7,0.15035576435821274,0.1192104615926353,0.031145302765575374,-0.007981130422147592,0.0,0.0,singular,singular
0.5,0.75,0.14561756580201912,0.1192104615926353,0.026407104209381756,-0.003413299531697461,0.0,0.0,singular,singular
0.5,0.8,0.14240245964309617,0.1192104615926353,0.023191998050458802,-0.0009765374777227037,0.0,0.0,singular,singular
0.5,0.85,0.14010261583178463,0.1192104615926353,0.02089215423914726,0.00025046707321113576,0.00025046707321113576,0.0,singular,singular
0.5,0.9,0.1383869150951088,0.1192104615926353,0.019176453502471442,0.0008493434397325693,0.0008493434397325693,0.0,singular,singular
0.5,0.95,0.13706378445887824,0.1192104615926353,0.01785332286624087,0.001136453615452841,0.001136453615452841,0.0,singular,singular
0.55,0.05,347.7110974493306,0.06932337691538232,347.64177407241357,0.9010461843402845,0.9010461843402845,0.9,singular,singular
0.55,0.1,124.56543256701656,0.06932337691538232,124.49610919009812,0.8006797240574679,0.8006797240574679,0.8,singular,singular
0.55,0.15,45.162493579386386,0.06932337691538232,45.093170202470915,0.700058726462376,0.700058726462376,0.7,singular,singular
0.55,0.2,16.711982766992705,0.06932337691538232,16.64265939007751,0.5992688901187572,0.5992688901187572,0.6,singular,singular
0.55,0.25,6.376596083117377,0.06932337691538232,6.307272706202135,0.49800967258271006,0.49800967258271006,0.5,singular,singular
0.55,0.3,2.549187140413026,0.06932337691538232,2.479863763497645,0.3957013405603653,0.3957013405603653,0.4,singular,singular
0.55,0.35,1.0956046361560996,0.06932337691538232,1.026281259240718,0.2914560613082156,0.2914560613082156,0.30000000000000004,singular,singular
0.55,0.4,0.5251419957813452,0.06932337691538232,0.4558186188659671,0.1843994688488062,0.1843994688488062,0.19999999999999996,singular,singular
0.55,0.45,0.2915491308751137,0.06932337691538232,0.22222575395973346,0.07561971982321343,0.07561971982321343,0.09999999999999998,singular,singular
0.55,0.5,0.19058115817970578,0.06932337691538232,0.12125778126432349,-0.026115523530492245,0.0,0.0,singular,singular
0.55,0.55,0.1439352083174702,0.06932337691538232,0.07461183140208813,-0.099501104976862,0.0,0.0,equivalent,equivalent
0.55,0.6,0.12065013689503157,0.06932337691538232,0.05132675997965012,-0.1285896091394812,0.0,0.0,equivalent,equivalent
0.55,0.65,0.1080128191687264,0.06932337691538232,0.038689442253344954,-0.1269911364098107,0.0,0.0,equivalent,equivalent
0.55,0.7,0.10056116008825744,0.06932337691538232,0.03123778317287612,-0.11713033133852303,0.0,0.0,equivalent,equivalent
0.55,0.75,0.09582130654774468,0.06932337691538232,0.02649792963236336,-0.10905812667485164,0.0,0.0,equivalent,equivalent
0.55,0.8,0.09260478552812967,0.06932337691538232,0.023281408612748355,-0.10418493450517684,0.0,0.0,equivalent,equivalent
0.55,0.85,0.09030372001201803,0.06932337691538232,0.02098034309663671,-0.10157895522731104,0.0,0.0,equivalent,equivalent
0.55,0.9,0.08858695542533745,0.06932337691538232,0.019263578509956136,-0.10026503771636558,0.0,0.0,equivalent,equivalent
0.55,0.95,0.08726289172279411,0.06932337691538232,0.017939514807412793,-0.09962321804159455,0.0,0.0,equivalent,equivalent
0.6,0.05,347.68761200103336,0.045532729906521296,347.6420792711316,0.9011071979081933,0.9011071979081933,0.9,singular,singular
0.6,0.1,124.54185719590308,0.045532729906521296,124.49632446599561,0.800809713482666,0.800809713482666,0.8,singular,singular
0.6,0.15,45.138870988399624,0.045532729906521296,45.093338258492786,0.7003341840333113,0.7003341840333113,0.7,singular,singular
0.6,0.2,16.688333540012234,0.045532729906521296,16.64280081010562,0.599846571022905,0.599846571022905,0.6,singular,singular
0.6,0.25,6.352930686850859,0.045532729906521296,6.307397956944392,0.49919979301816986,0.49919979301816986,0.5,singular,singular
0.6,0.3,2.5255112336212537,0.045532729906521296,2.479978503714804,0.39807914734575467,0.39807914734575467,0.4,singular,singular
0.6,0.35,1.0719214755871573,0.045532729906521296,1.0263887456806218,0.2959485410409613,0.2959485410409613,0.30000000000000004,singular,singular
0.6,0.4,0.5014535709578013,0.045532729906521296,0.45592084105126646,0.19198235176052086,0.19198235176052086,0.19999999999999996,singular,singular
0.6,0.45,0.2678567251081533,0.045532729906521296,0.22232399520163484,0.08534656397229248,0.08534656397229248,0.09999999999999998,singular,singular
0.6,0.5,0.16688564002176198,0.045532729906521296,0.12135291011524325,-0.023004872479252276,0.0,0.0,singular,singular
0.6,0.55,0.12023719062957994,0.045532729906521296,0.07470446072306071,-0.12489899593976575,0.0,0.0,equivalent,equivalent
0.6,0.6,0.09695006785078542,0.045532729906521296,0.05141733794426412,-0.1996518811467757,0.0,0.0,equivalent,equivalent
0.6,0.65,0.08431103665054518,0.045532729906521296,0.03877830674402388,-0.23025042656184722,0.0,0.0,equivalent,equivalent
0.6,0.7,0.07685792552718396,0.045532729906521296,0.0313251956206632,-0.22894306949759913,0.0,0.0,equivalent,equivalent
0.6,0.75,0.07211682674700826,0.045532729906521296,0.026584096840487775,-0.2186216442882613,0.0,0.0,equivalent,equivalent
0.6,0.8,0.06889922719971309,0.045532729906521296,0.023366497293192606,-0.21005078581318526,0.0,0.0,equivalent,equivalent
0.6,0.85,0.06659721974358046,0.045532729906521296,0.02106448983705998,-0.20484846506161614,0.0,0.0,equivalent,equivalent
0.6,0.9,0.06487962669317349,0.045532729906521296,0.019346896786653005,-0.20205955915675597,0.0,0.0,equivalent,equivalent
0.6,0.95,0.06355482994287309,0.045532729906521296,0.01802210003635261,-0.2006515624195128,0.0,0.0,equivalent,equivalent
0.65,0.05,347.67536280978675,0.0330919253114486,347.64227088447785,0.901133893752195,0.901133893752195,0.9,singular,singular
0.65,0.1,124.52956789384368,0.0330919253114486,124.49647596853147,0.8008668007729158,0.8008668007729158,0.8,singular,singular
0.65,0.15,45.126559195799935,0.0330919253114486,45.09346727048898,0.7004559404997655,0.7004559404997655,0.7,singular,singular
0.65,0.2,16.67600819717938,0.0330919253114486,16.642916271867666,0.6001046683683374,0.6001046683683374,0.6,singular,singular
0.65,0.25,6.340596589521863,0.0330919253114486,6.307504664210485,0.4997410976806522,0.4997410976806522,0.5,singular,singular
0.65,0.3,2.5131711159791097,0.0330919253114486,2.480079190667606,0.399194399998281,0.399194399998281,0.4,singular,singular
0.65,0.35,1.0595769930559484,0.0330919253114486,1.0264850677445074,0.2981776043335106,0.2981776043335106,0.30000000000000004,singular,singular
0.65,0.4,0.4891057835034124,0.0330919253114486,0.45601385819196066,0.19619908646035017,0.19619908646035017,0.19999999999999996,singular,singular
0.65,0.45,0.25550634633232727,0.0330919253114486,0.22241442102088277,0.09248919189279689,0.09248919189279689,0.09999999999999998,singular,singular
0.65,0.5,0.15453317188109328,0.0330919253114486,0.12144124656964388,-0.01374790658627693,0.0,0.0,singular,singular
0.65,0.55,0.10788299979187277,0.0330919253114486,0.07479107448042359,-0.12167800432723999,0.0,0.0,equivalent,equivalent
0.65,0.6,0.08459443092586283,0.0330919253114486,0.05150250561441423,-0.22368876628989393,0.0,0.0,equivalent,equivalent
0.65,0.65,0.07195416809552879,0.0330919253114486,0.03886224278408021,-0.2997491482407976,0.0,0.0,equivalent,equivalent
0.65,0.7,0.06449999551199648,0.0330919253114486,0.03140807020054809,-0.3318826671231741,0.0,0.0,equivalent,equivalent
0.65,0.75,0.059757972981448915,0.0330919253114486,0.02666604767000021,-0.33090094510032886,0.0,0.0,equivalent,equivalent
0.65,0.8,0.05653956300217455,0.0330919253114486,0.02344763769072585,-0.3201023554917607,0.0,0.0,equivalent,equivalent
0.65,0.85,0.054236839697500705,0.0330919253114486,0.021144914386052,-0.31100091742053576,0.0,0.0,equivalent,equivalent
0.65,0.9,0.05251861071066066,0.0330919253114486,0.019426685399211958,-0.3054453462922103,0.0,0.0,equivalent,equivalent
0.65,0.95,0.05119324624829891,0.0330919253114486,0.018101320936850202,-0.30245940113505976,0.0,0.0,equivalent,equivalent
0.7,0.05,347.66836670575526,0.025962504253382854,347.6424042014947,0.9011455489132659,0.9011455489132659,0.9,singular,singular
0.7,0.1,124.52255400247954,0.025962504253382854,124.49659149822432,0.8008917712013317,0.8008917712013317,0.8,singular,singular
0.7,0.15,45.11953470065962,0.025962504253382854,45.09357219640585,0.7005093976524106,0.7005093976524106,0.7,singular,singular
0.7,0.2,16.668976912574877,0.025962504253382854,16.643014408321413,0.6002187180761757,0.6002187180761757,0.6,singular,singular
0.7,0.25,6.333560658529999,0.025962504253382854,6.307598154276511,0.4999828528435274,0.4999828528435274,0.5,singular,singular
0.7,0.3,2.506131817472011,0.025962504253382854,2.480169313218581,0.3997013688101446,0.3997013688101446,0.4,singular,singular
0.7,0.35,1.0525351361274193,0.025962504253382854,1.0265726318740178,0.2992220666726969,0.2992220666726969,0.30000000000000004,singular,singular
0.7,0.4,0.48206190831267903,0.025962504253382854,0.45609940405930705,0.19828721977820454,0.19828721977820454,0.19999999999999996,singular,singular
0.7,0.45,0.2484608311386809,0.025962504253382854,0.22249832688529966,0.09644361222639515,0.09644361222639515,0.09999999999999998,singular,singular
0.7,0.5,0.14748629276973124,0.025962504253382854,0.12152378851634946,-0.0070282930408776464,0.0,0.0,singular,singular
0.7,0.55,0.10083496551575954,0.025962504253382854,0.0748724612623772,-0.11288759928292921,0.0,0.0,equivalent,equivalent
0.7,0.6,0.07754540409787847,0.025962504253382854,0.05158289984449522,-0.22040629341753398,0.0,0.0,equivalent,equivalent
0.7,0.65,0.06490427858626746,0.025962504253382854,0.038941774332884226,-0.32249877706273616,0.0,0.0,equivalent,equivalent
0.7,0.7,0.0574493492257917,0.025962504253382854,0.03148684497240891,-0.3998106387470491,0.0,0.0,equivalent,equivalent
0.7,0.75,0.05270665779379502,0.025962504253382854,0.026744153540412166,-0.43350590215373824,0.0,0.0,equivalent,equivalent
0.7,0.8,0.0494876528963577,0.025962504253382854,0.02352514864297485,-0.4328915406695521,0.0,0.0,equivalent,equivalent
0.7,0.85,0.047184397725080096,0.025962504253382854,0.021221893471697242,-0.42160335123653314,0.0,0.0,equivalent,equivalent
0.7,0.9,0.045465691160958444,0.025962504253382854,0.01950318690757559,-0.41193979985366974,0.0,0.0,equivalent,equivalent
0.7,0.95,0.04413989627497128,0.025962504253382854,0.018177392021588426,-0.4060062243239175,0.0,0.0,equivalent,equivalent
0.75,0.05,347.6640274687573,0.02152250692719528,347.64250496182746,0.9011506340158273,0.9011506340158273,0.9,singular,singular
0.75,0.1,124.5182075215688,0.02152250692719528,124.4966850146419,0.800902671407349,0.800902671407349,0.8,singular,singular
0.75,0.15,45.11518365221443,0.02152250692719528,45.09366114528729,0.7005327784417694,0.7005327784417694,0.7,singular,singular
0.75,0.2,16.664622760432977,0.02152250692719528,16.64310025350542,0.6002687887904097,0.6002687887904097,0.6,singular,singular
0.75,0.25,6.329204251653375,0.02152250692719528,6.307681744726165,0.5000896731143905,0.5000896731143905,0.5,singular,singular
0.75,0.3,2.5017736801880357,0.02152250692719528,2.480251173260823,0.3999277560512259,0.3999277560512259,0.4,singular,singular
0.75,0.35,1.0481756128093895,0.02152250692719528,1.0266531058821529,0.29969670790922387,0.29969670790922387,0.30000000000000004,singular,singular
0.75,0.4,0.47770123832872624,0.02152250692719528,0.45617873140152987,0.19926497173713803,0.19926497173713803,0.19999999999999996,singular,singular
0.75,0.45,0.24409918937852026,0.02152250692719528,0.22257668245132428,0.09839874786701702,0.09839874786701702,0.09999999999999998,singular,singular
0.75,0.5,0.14312381253905815,0.02152250692719528,0.1216013056118639,-0.0033222284126778715,0.0,0.0,singular,singular
0.75,0.55,0.09647175204036706,0.02152250692719528,0.07494924511317293,-0.1065718545026589,0.0,0.0,equivalent,equivalent
0.75,0.6,0.07318154282521783,0.02152250692719528,0.05165903589802176,-0.21207348651165261,0.0,0.0,equivalent,equivalent
0.75,0.65,0.06053984049564132,0.02152250692719528,0.039017333568445264,-0.31919288664518397,0.0,0.0,equivalent,equivalent
0.75,0.7,0.05308439435407675,0.02152250692719528,0.031561887426881,-0.42133815740175024,0.0,0.0,equivalent,equivalent
0.75,0.75,0.04834123765917375,0.02152250692719528,0.026818730731978473,-0.4998484468185923,0.0,0.0,equivalent,equivalent
0.75,0.8,0.045121812220076496,0.02152250692719528,0.023599305292881217,-0.5351328607848521,0.0,0.0,equivalent,equivalent
0.75,0.85,0.04281817568998203,0.02152250692719528,0.02129566876278675,-0.5349340305068467,0.0,0.0,equivalent,equivalent
0.75,0.9,0.04109912235819002,0.02152250692719528,0.019576615430994742,-0.5231476830935566,0.0,0.0,equivalent,equivalent
0.75,0.95,0.03977301143141898,0.02152250692719528,0.0182505045042237,-0.5128906333396712,0.0,0.0,equivalent,equivalent
0.8,0.05,347.6611420207715,0.018555982528826356,347.64258603823896,0.9011528536634812,0.9011528536634812,0.9,singular,singular
0.8,0.1,124.51532004266204,0.018555982528826356,124.49676406013536,0.8009074265601664,0.8009074265601664,0.8,singular,singular
0.8,0.15,45.112294816166425,0.018555982528826356,45.09373883363674,0.7005429848868111,0.7005429848868111,0.7,singular,singular
0.8,0.2,16.661732919643715,0.018555982528826356,16.64317693711494,0.6002906900350554,0.6002906900350554,0.6,singular,singular
0.8,0.25,6.326313603852597,0.018555982528826356,6.30775762132359,0.5001365740349959,0.5001365740349959,0.5,singular,singular
0.8,0.3,2.498882346775913,0.018555982528826356,2.4803263642470363,0.40002779288789175,0.40002779288789175,0.4,singular,singular
0.8,0.35,1.0452836760437914,0.018555982528826356,1.0267276935149534,0.29990866066909455,0.29990866066909455,0.30000000000000004,singular,singular
0.8,0.4,0.4748087593566601,0.018555982528826356,0.4562527768278355,0.1997092343395969,0.1997092343395969,0.19999999999999996,singular,singular
0.8,0.45,0.24120621720520352,0.018555982528826356,0.2226502346763753,0.09931378064846301,0.09931378064846301,0.09999999999999998,singular,singular
0.8,0.5,0.14023038861817771,0.018555982528826356,0.12167440608935197,-0.0014922662423879013,0.0,0.0,singular,singular
0.8,0.55,0.09357791270080218,0.018555982528826356,0.0750219301719764,-0.10310016916322248,0.0,0.0,equivalent,equivalent
0.8,0.6,0.07028732060699139,0.018555982528826356,0.05173133807816595,-0.20614163059028054,0.0,0.0,equivalent,equivalent
0.8,0.65,0.05764526492512856,0.018555982528826356,0.03908928239630313,-0.31130504796723246,0.0,0.0,equivalent,equivalent
0.8,0.7,0.050189492423610926,0.018555982528826356,0.03163350989478517,-0.4180387597629442,0.0,0.0,equivalent,equivalent
0.8,0.75,0.04544603414921056,0.018555982528826356,0.0268900516203842,-0.5202127575393649,0.0,0.0,equivalent,equivalent
0.8,0.8,0.04222632993364128,0.018555982528826356,0.023670347404814926,-0.599870700629222,0.0,0.0,equivalent,equivalent
0.8,0.85,0.03992243563768105,0.018555982528826356,0.021366453108854697,-0.6367712354358261,0.0,0.0,equivalent,equivalent
0.8,0.9,0.03820314391198898,0.018555982528826356,0.019647161383162623,-0.6370419103415114,0.0,0.0,equivalent,equivalent
0.8,0.95,0.03687681245970642,0.018555982528826356,0.018320829930880064,-0.6247526451341571,0.0,0.0,equivalent,equivalent
0.85,0.05,347.65911264892645,0.01645830195516271,347.6426543469726,0.9011538239611574,0.9011538239611574,0.9,singular,singular
0.85,0.1,124.51329130404005,0.01645830195516271,124.49683300208413,0.8009095017731583,0.8009095017731583,0.8,singular,singular
0.85,0.15,45.11026648595928,0.01645830195516271,45.09380818400376,0.7005474375022779,0.7005474375022779,0.7,singular,singular
0.85,0.2,16.659704818003046,0.01645830195516271,16.643246516048006,0.6003002518502323,0.6003002518502323,0.6,singular,singular
0.85,0.25,6.324285596222056,0.01645830195516271,6.307827294266909,0.5001570923518541,0.5001570923518541,0.5,singular,singular
0.85,0.3,2.496854336407778,0.01645830195516271,2.4803960344525735,0.40007172351424164,0.40007172351424164,0.4,singular,singular
0.85,0.35,1.0432555954329676,0.01645830195516271,1.0267972934778127,0.30000233470598364,0.30000233470598364,0.30000000000000004,singular,singular
0.85,0.4,0.47278056280958414,0.01645830195516271,0.4563222608544191,0.19990764317397217,0.19990764317397217,0.19999999999999996,singular,singular
0.85,0.45,0.23917787498976717,0.01645830195516271,0.22271957303460227,0.09972953511808434,0.09972953511808434,0.09999999999999998,singular,singular
0.85,0.5,0.13820188255247534,0.01645830195516271,0.12174358059731262,-0.0006361060870901098,0.0,0.0,singular,singular
0.85,0.55,0.0915492328919506,0.01645830195516271,0.0750909309367876,-0.10138780050618516,0.0,0.0,equivalent,equivalent
0.85,0.6,0.06825846306357919,0.01645830195516271,0.05180016110841656,-0.20289064210451774,0.0,0.0,equivalent,equivalent
0.85,0.65,0.05561622981504932,0.01645830195516271,0.039157927859886664,-0.30573695227146785,0.0,0.0,equivalent,equivalent
0.85,0.7,0.04816028280579521,0.01645830195516271,0.031701980850632756,-0.41058094847490595,0.0,0.0,equivalent,equivalent
0.85,0.75,0.04341665505004888,0.01645830195516271,0.026958353094886176,-0.5169435401011884,0.0,0.0,equivalent,equivalent
0.85,0.8,0.04019678767495238,0.01645830195516271,0.02373848571978968,-0.619126212956838,0.0,0.0,equivalent,equivalent
0.85,0.85,0.037892737348259375,0.01645830195516271,0.02143443539309667,-0.6998828226757013,0.0,0.0,equivalent,equivalent
0.85,0.9,0.036173297173935026,0.01645830195516271,0.019714995218772322,-0.7384251283802463,0.0,0.0,equivalent,equivalent
0.85,0.95,0.03484682505293735,0.01645830195516271,0.018388523097774643,-0.7392245569833916,0.0,0.0,equivalent,equivalent
0.9,0.05,347.6576210455009,0.014907181774823008,347.64271386372957,0.901154249179494,0.901154249179494,0.9,singular,singular
0.9,0.1,124.5118017134955,0.014907181774823008,124.49689453172236,0.8009104085608078,0.8009104085608078,0.8,singular,singular
0.9,0.15,45.108778291087916,0.014907181774823008,45.09387110931283,0.7005493805945981,0.7005493805945981,0.7,singular,singular
0.9,0.2,16.658217588935994,0.014907181774823008,16.6433104071609,0.6003044237763997,0.6003044237763997,0.6,singular,singular
0.9,0.25,6.322799031059639,0.014907181774823008,6.307891849285055,0.5001660522628197,0.5001660522628197,0.5,singular,singular
0.9,0.3,2.495368221292127,0.014907181774823008,2.4804610395173983,0.4000909470223787,0.4000909470223787,0.4,singular,singular
0.9,0.35,1.041769777731754,0.014907181774823008,1.0268625959569293,0.30004348134354425,0.30004348134354425,0.30000000000000004,singular,singular
0.9,0.4,0.47129493296182257,0.014907181774823008,0.4563877511869939,0.199995351643983,0.199995351643983,0.19999999999999996,singular,singular
0.9,0.45,0.23769235407724076,0.014907181774823008,0.22278517230242012,0.09991524549746335,0.09991524549746335,0.09999999999999998,singular,singular
0.9,0.5,0.13671641368227594,0.014907181774823008,0.12180923190745392,-0.0002470789136601483,0.0,0.0,singular,singular
0.9,0.55,0.09006377514752484,0.014907181774823008,0.0751565933727029,-0.10058684226318747,0.0,0.0,equivalent,equivalent
0.9,0.6,0.06677298720710856,0.014907181774823008,0.05186580543228585,-0.20128860773918494,0.0,0.0,equivalent,equivalent
0.9,0.65,0.054130715200874535,0.014907181774823008,0.03922353342605181,-0.30269345455524743,0.0,0.0,equivalent,equivalent
0.9,0.7,0.04667471514005905,0.014907181774823008,0.0317675333652362,-0.40535676533698545,0.0,0.0,equivalent,equivalent
0.9,0.75,0.041931024750356705,0.014907181774823008,0.02702384297553357,-0.5098994269711069,0.0,0.0,equivalent,equivalent
0.9,0.8,0.03871108865919626,0.014907181774823008,0.023803906884373123,-0.6159060306523643,0.0,0.0,equivalent,equivalent
0.9,0.85,0.03640696613412897,0.014907181774823008,0.021499784359305836,-0.71808068185875,0.0,0.0,equivalent,equivalent
0.9,0.9,0.03468745220513092,0.014907181774823008,0.019780270430307785,-0.7998884639341893,0.0,0.0,equivalent,equivalent
0.9,0.95,0.03336090619280807,0.014907181774823008,0.018453724417984936,-0.8400963574298994,0.0,0.0,equivalent,equivalent
0.95,0.05,347.6564862440983,0.013719227360128141,347.64276701673145,0.901154436226504,0.901154436226504,0.9,singular,singular
0.95,0.1,124.51066962650454,0.013719227360128141,124.49695039914536,0.8009108056288298,0.8009108056288298,0.8,singular,singular
0.95,0.15,45.107648148381145,0.013719227360128141,45.093928921020066,0.7005502294681641,0.7005502294681641,0.7,singular,singular
0.95,0.2,16.657088852853267,0.013719227360128141,16.643369625493484,0.6003062445013966,0.6003062445013966,0.6,singular,singular
0.95,0.25,6.321671320561027,0.013719227360128141,6.307952093200889,0.500169962359142,0.500169962359142,0.5,singular,singular
0.95,0.3,2.49424126244246,0.013719227360128141,2.4805220350823487,0.4000993437225105,0.4000993437225105,0.4,singular,singular
0.95,0.35,1.040643371062473,0.013719227360128141,1.0269241437023466,0.3000614917885059,0.3000614917885059,0.30000000000000004,singular,singular
0.95,0.4,0.47016893161485807,0.013719227360128141,0.4564497042547357,0.20003388909658074,0.20003388909658074,0.19999999999999996,singular,singular
0.95,0.45,0.23656664891880974,0.013719227360128141,0.2228474215586782,0.09999736305260823,0.09999736305260823,0.09999999999999998,singular,singular
0.95,0.5,0.135590922993437,0.013719227360128141,0.12187169563330903,-7.326765313364755e-05,0.0,0.0,singular,singular
0.95,0.55,0.088938437371467,0.013719227360128141,0.07521921001133892,-0.10022285642032007,0.0,0.0,equivalent,equivalent
0.95,0.6,0.06564775577266946,0.013719227360128141,0.05192852841254081,-0.2005393713567586,0.0,0.0,equivalent,equivalent
0.95,0.65,0.053005554778662645,0.013719227360128141,0.039286327418533995,-0.3011948543008187,0.0,0.0,equivalent,equivalent
0.95,0.7,0.04554959890231991,0.013719227360128141,0.03183037154219126,-0.40250812823382515,0.0,0.0,equivalent,equivalent
0.95,0.75,0.04080593234387453,0.013719227360128141,0.027086704983745644,-0.5049998516363222,0.0,0.0,equivalent,equivalent
0.95,0.8,0.0375860046903852,0.013719227360128141,0.023866777330256314,-0.6092585256838859,0.0,0.0,equivalent,equivalent
0.95,0.85,0.03528187902761859,0.013719227360128141,0.021562651667489705,-0.7149245545365372,0.0,0.0,equivalent,equivalent
0.95,0.9,0.03356235333575852,0.013719227360128141,0.019843125975629636,-0.817077410619381,0.0,0.0,equivalent,equivalent
0.95,0.95,0.03223578922240322,0.013719227360128141,0.018516561862274336,-0.8998909010118316,0.0,0.0,equivalent,equivalent
