alpha,gamma_th,gamma_naive_A,gamma_pred_paper1,gamma_pred_refined_A,gamma_tail_A,gamma_tail_pred_A,gamma_tail_plus_A,gamma_naive_B,gamma_pred_refined_B,gamma_tail_B,gamma_tail_pred_B,gamma_tail_plus_B,bias_naive_A,bias_tail_A,resid_tail_A_vs_pred,bias_naive_B,bias_tail_B,resid_tail_B_vs_pred
0.05,0.9,0.9112538410329736,0.9001227124320783,0.9090282021403849,0.9104847382518867,0.9086901455965306,0.9104847382518867,0.9014485423515872,0.9014819337237165,0.9011545873399345,0.9011697486999662,0.9011545873399345,0.011253841032973555,0.010484738251886672,0.0017945926553560865,0.001448542351587201,0.0011545873399344542,-1.5161360031767934e-05
0.1,0.8,0.816290289090158,0.8002964764227452,0.8147483730188543,0.8138346681107859,0.8129480499624282,0.8138346681107859,0.8016225709268826,0.8015609811797347,0.800911119751024,0.800906106561205,0.800911119751024,0.01629028909015795,0.01383466811078582,0.0008866181483576652,0.0016225709268825605,0.000911119751023981,5.0131898190475255e-06
0.15,0.7,0.7180666768395128,0.7007031842805718,0.7169822111128368,0.7134613472518216,0.7131150001298738,0.7134613472518216,0.701839664708631,0.7016577908508742,0.7005508937601198,0.7005350225179692,0.7005508937601198,0.018066676839512796,0.013461347251821687,0.0003463471219478098,0.0018396647086310614,0.0005508937601198527,1.5871242150633513e-05
0.2,0.6,0.6187617982803314,0.601630796566482,0.61773694267245,0.6115257738566398,0.6113898721683273,0.6115257738566398,0.6026891076636833,0.6023507997434985,0.6003076613433581,0.6002845825247535,0.6003076613433581,0.01876179828033142,0.011525773856639776,0.00013590168831245641,0.0026891076636833544,0.00030766134335813433,2.307881860463823e-05
0.25,0.5,0.5200721260414723,0.5036777402951351,0.5188723561164524,0.5092034378977881,0.5091373524226072,0.5092034378977881,0.5048125292882503,0.5042724217113755,0.5001729967022714,0.5001436292072282,0.5001729967022714,0.02007212604147235,0.009203437897788103,6.608547518094365e-05,0.004812529288250267,0.00017299670227144404,2.9367495043230996e-05
0.3,0.4,0.4236624242378201,0.40800483252848524,0.42218044620361717,0.4070419632000232,0.4069950161034345,0.4070419632000232,0.40933234220043396,0.4085589467834789,0.4001058537709049,0.40007037820446767,0.4001058537709049,0.023662424237820057,0.007041963200023205,4.694709658870089e-05,0.00933234220043394,0.00010585377090488457,3.547556643723748e-05
0.35,0.30000000000000004,0.33163601686050226,0.31665321628402154,0.32986208652765414,0.3052412774088279,0.30519635757705316,0.3052412774088279,0.31820832981750535,0.3172166925620388,0.3000754646450881,0.30003388651673674,0.3000754646450881,0.031636016860502214,0.005241277408827849,4.4919831774736796e-05,0.01820832981750531,7.546464508806361e-05,4.1578128351371646e-05
0.4,0.19999999999999996,0.24686611562237404,0.2327368837707892,0.24487634706592942,0.20383063037525176,0.20378211739265914,0.20383063037525176,0.2344569593459785,0.23332092808795296,0.2000638608989964,0.20001614539628715,0.2000638608989964,0.04686611562237408,0.0038306303752518034,4.8512982592618936e-05,0.03445695934597853,6.386089899643177e-05,4.771550270923908e-05
0.45,0.09999999999999998,0.17287938136050016,0.16010749002736535,0.17079910712705318,0.10276723731350193,0.1027132970423765,0.10276723731350193,0.16187405601475363,0.16068437575173852,0.10006154238850147,0.10000764511846798,0.10006154238850147,0.07287938136050018,0.0027672373135019523,5.3940271125429984e-05,0.06187405601475365,6.154238850149263e-05,5.389727003349276e-05
0.5,0.0,0.11296053570949442,0.10217055169157482,0.1109037983188657,0.001986166699159456,0.0019261897899230257,0.001986166699159456,0.10388725842572766,0.10268795762104527,6.37337618075805e-05,3.607820400241921e-06,6.37337618075805e-05,0.11296053570949442,0.001986166699159456,5.99769092364305e-05,0.10388725842572766,6.37337618075805e-05,6.0125941407338577e-05
0.55,-0.10000000000000009,0.06869812962326816,0.06028842288694659,0.0667487605367971,-0.09857695632817655,-0.09864318731176532,0.0,0.06190049578717571,0.06069938722374212,-0.09993189778694213,-0.09999830007000782,0.0,0.06869812962326816,0.00142304367182354,6.623098358876645e-05,0.06190049578717571,6.81022130579606e-05,6.640228306568907e-05
0.6,-0.19999999999999996,0.03907201943634039,0.03302455366271369,0.037318115176356206,-0.19897725172098452,-0.19904983035806312,0.0,0.03447033543460028,0.03331260667718739,-0.19992647273373804,-0.1999991992836175,0.0,0.03907201943634039,0.0010227482790154396,7.25786370786019e-05,0.03447033543460028,7.352726626191908e-05,7.272654987947047e-05
0.65,-0.30000000000000004,0.020997365462081658,0.01695378981892157,0.01953468069325497,-0.2992585577327777,-0.29933753954438647,0.0,0.018155436737505862,0.017134096130865962,-0.29992052385130225,-0.29999962264610563,0.0,0.020997365462081658,0.0007414422672223364,7.898181160875817e-05,0.018155436737505862,7.947614869779906e-05,7.909879480338944e-05
0.7,-0.3999999999999999,0.010795301742553116,0.00825531619346204,0.009680065197899457,-0.3994542508033067,-0.3995396805067851,0.0,0.009166111761763539,0.008358079056898341,-0.39991430300839215,-0.39999982197404305,0.0,0.010795301742553116,0.0005457491966932015,8.542970347841239e-05,0.009166111761763539,8.569699160776434e-05,8.551896565089923e-05
0.75,-0.5,0.005372008002440604,0.0038574660899590345,0.004592522802094712,-0.499589034042683,-0.4996809540156375,0.0,0.0044892092287273635,0.003911882930449248,-0.499907928959071,-0.4999999158910909,0.0,0.005372008002440604,0.0004109659573169888,9.191997295449061e-05,0.0044892092287273635,9.207104092900931e-05,9.198693201989405e-05
0.8,-0.6000000000000001,0.0026122159601417237,0.0017467501860406554,0.0021068116354694515,-0.5996808401758292,-0.5997792929090547,0.0,0.002153056053405263,0.0017739954315633731,-0.5999014576910368,-0.599999960195944,0.0,0.0026122159601417237,0.000319159824170856,9.845273322550696e-05,0.002153056053405263,9.854230896333416e-05,9.850250490728296e-05
0.85,-0.7,0.0012502197227196377,0.0007723558353793157,0.0009419444222094561,-0.6997425084799459,-0.6998475371651486,0.0,0.0010182640973724565,0.0007854308451542577,-0.6998949156796103,-0.6999999811287155,0.0,0.0012502197227196377,0.00025749152005405396,0.00010502868520267938,0.0010182640973724565,0.00010508432038969229,0.00010506544910526827
0.9,-0.8,0.0005920336120979655,0.00033535857400360936,0.0004128958549299149,-0.7997831390712917,-0.7998947875025637,0.0,0.000477236935329531,0.0003414342933925601,-0.7998883154905706,-0.7999999910360779,0.0,0.0005920336120979655,0.00021686092870831786,0.00011164843127198232,0.000477236935329531,0.00011168450942944386,0.00011167554550728376
0.95,-0.8999999999999999,0.0002784265114020079,0.00014358007028267218,0.00017823292374103458,-0.8998091333526482,-0.8999274457566674,0.0,0.00022242322289695173,0.00014633410667010789,-0.8998816631703598,-0.8999999957339029,0.0,0.0002784265114020079,0.00019086664735168402,0.00011831240401916077,0.00022242322289695173,0.00011833682964013104,0.00011833256354309984
