mechanism,alpha,N,D_cov_comm,D_cov_rot,D_cov,D_tail,Pi2
A,0.25,10,0.038386626573868494,0.0,0.038386626573868494,0.021296916312755695,0.9623408024291888
A,0.25,100,0.15497823171086764,0.0,0.15497823171086764,0.07402840961464602,0.8564338203797256
A,0.25,1000,0.5507390590229463,0.0,0.5507390590229463,0.2458247324543078,0.5765235679458979
A,0.25,10000,1.8512396930474695,0.0,1.8512396930474695,0.7990809155835243,0.1570423612659251
A,0.25,100000,6.054379491382503,0.0,6.054379491382503,2.5668315292284047,0.002347558349009876
A,0.5,10,0.022992979773537193,0.0,0.022992979773537193,0.006045843827071743,0.9772693444013083
A,0.5,100,0.044017831552931666,0.0,0.044017831552931666,0.00668025726145198,0.9569368936500385
A,0.5,1000,0.06646591028146988,0.0,0.06646591028146988,0.006855609529046902,0.9356948128854486
A,0.5,10000,0.08931559064993462,0.0,0.08931559064993462,0.006907861435721377,0.9145569024186526
A,0.5,100000,0.11228641743013981,0.0,0.11228641743013981,0.00692404416249727,0.8937882243096273
A,0.75,10,0.015559885659395603,0.0,0.015559885659395603,0.001662125530145192,0.9845605439288487
A,0.75,100,0.01958220249089658,0.0,0.01958220249089658,0.0005768010125171454,0.980608283431976
A,0.75,1000,0.02093549801215849,0.0,0.02093549801215849,0.00018481076760856405,0.9792821281762736
A,0.75,10000,0.02136726446514811,0.0,0.02136726446514811,5.85568728027723e-05,0.9788593982721776
A,0.75,100000,0.02150398387859144,0.0,0.02150398387859144,1.8523048603596298e-05,0.9787255783375023
A,1.0,10,0.011849861010673599,0.0,0.011849861010673599,0.00045095002849951556,0.988220072087255
A,1.0,100,0.012684512343391092,0.0,0.012684512343391092,4.947859964357648e-05,0.9873955970095442
A,1.0,1000,0.012773823454433595,0.0,0.012773823454433595,4.994753614954647e-06,0.9873074155495875
A,1.0,10000,0.012782816528560916,0.0,0.012782816528560916,4.999475035922379e-07,0.9872985366607373
A,1.0,100000,0.012783716459264996,0.0,0.012783716459264996,4.999947516778902e-08,0.9872976481608698
B,0.25,10,0.0,0.04934485204698448,0.04934485204698448,0.025543147331099636,0.9518528246984076
B,0.25,100,0.0,0.1843562683017211,0.1843562683017211,0.08248974221233626,0.8316394642620326
B,0.25,1000,0.0,0.6157818329214786,0.6157818329214786,0.2617176161011401,0.5402183696524233
B,0.25,10000,0.0,1.9825278587805555,1.9825278587805555,0.8282045843035883,0.13772065854160342
B,0.25,100000,0.0,6.306358323677806,6.306358323677806,2.619504028060529,0.00182466599765997
B,0.5,10,0.0,0.028832866575939378,0.028832866575939378,0.006673818462270463,0.9715788341948264
B,0.5,100,0.0,0.051391425340381644,0.051391425340381644,0.006905045768000828,0.9499067801687607
B,0.5,1000,0.0,0.07436967390923539,0.07436967390923539,0.006928822545652427,0.9283284515935893
B,0.5,10000,0.0,0.09739075581605422,0.09739075581605422,0.006931206813000815,0.9072014426238694
B,0.5,100000,0.0,0.12041612975576517,0.12041612975576517,0.006931445305674841,0.8865514395131262
B,0.75,10,0.0,0.019601240338003624,0.019601240338003624,0.0017524554981018618,0.9805896149391087
B,0.75,100,0.0,0.02377527429159766,0.02377527429159766,0.0005825533754211451,0.9765051309095012
B,0.75,1000,0.0,0.025137974633030895,0.025137974633030895,0.00018513964452212747,0.9751753532841893
B,0.75,10000,0.0,0.025570276942234835,0.025570276942234835,5.857541050787243e-05,0.974753873836919
B,0.75,100000,0.0,0.025707026545785463,0.025707026545785463,1.852409142992506e-05,0.9746205857448669
B,1.0,10,0.0,0.01517994513962035,0.01517994513962035,0.0004638807364705441,0.9849346894456795
B,1.0,100,0.0,0.016032020943990227,0.016032020943990227,4.962637219773497e-05,0.984095807874018
B,1.0,1000,0.0,0.016121527510546872,0.016121527510546872,4.996251370965876e-06,0.9840077287789799
B,1.0,10000,0.0,0.016130522562112126,0.016130522562112126,4.999625012186426e-07,0.9839988776185272
B,1.0,100000,0.0,0.016131422512613326,0.016131422512613326,4.999962492993615e-08,0.9839979920686427
