alpha,gamma_th,tail_A,bias_A,tail_G,bias_G,tail_G_pred,tail_B,bias_B,delta_gamma_formula_Nstar,naive_G
0.05,0.9,0.9104847382518867,0.010484738251886672,0.9002612279760196,0.0002612279760195735,0.9002554455289011,0.9011545873399345,0.0011545873399344542,0.012380783813516259,0.9004089118297651
0.1,0.8,0.8138346681107859,0.01383466811078582,0.8002115782080724,0.0002115782080723827,0.800199947956731,0.800911119751024,0.000911119751023981,0.015335934342044064,0.8006313478914134
0.15,0.7,0.7134613472518216,0.013461347251821687,0.7001360762202694,0.00013607622026945432,0.7001185474437461,0.7005508937601198,0.0005508937601198527,0.014254402180265186,0.7010729075045012
0.2,0.6,0.6115257738566398,0.011525773856639776,0.6000866355433134,8.663554331345136e-05,0.6000631616788634,0.6003076613433581,0.00030766134335813433,0.011782888794468616,0.6020986520269777
0.25,0.5,0.5092034378977881,0.009203437897788103,0.500061365088547,6.136508854703848e-05,0.5000319001371478,0.5001729967022714,0.00017299670227144404,0.0091357276627411,0.5043202650947467
0.3,0.4,0.4070419632000232,0.007041963200023205,0.4000511382476259,5.113824762587038e-05,0.40001563576735505,0.4001058537709049,0.00010585377090488457,0.006803361063555613,0.40887621845542566
0.35,0.30000000000000004,0.3052412774088279,0.005241277408827849,0.30004911652318966,4.9116523189618455e-05,0.30000752949545356,0.3000754646450881,7.546464508806361e-05,0.004928188776829076,0.3177511373247197
0.4,0.19999999999999996,0.20383063037525176,0.0038306303752518034,0.20005130674121996,5.1306741220003005e-05,0.2000035876803361,0.2000638608989964,6.386089899643177e-05,0.003498758636618492,0.23398966201342458
0.45,0.09999999999999998,0.10276723731350193,0.0027672373135019523,0.10005559777578263,5.5597775782650904e-05,0.10000169887408904,0.10006154238850147,6.154238850149263e-05,0.002446348483162192,0.16141649737065472
0.5,0.0,0.001986166699159456,0.001986166699159456,6.092847533627515e-05,6.092847533627515e-05,8.017286905172021e-07,6.37337618075805e-05,6.37337618075805e-05,0.0016902223771686955,0.10347811071796238
0.55,-0.10000000000000009,-0.09857695632817655,0.00142304367182354,-0.09993321954654977,6.678045345032135e-05,-0.09999962223984023,-0.09993189778694213,6.81022130579606e-05,0.0011566968496631615,0.061574706190226446
0.6,-0.19999999999999996,-0.19897725172098452,0.0010227482790154396,-0.19992709530247665,7.290469752330164e-05,-0.1999998220634916,-0.19992647273373804,7.352726626191908e-05,0.0007854247136392232,0.034239796091996004
0.65,-0.30000000000000004,-0.2992585577327777,0.0007414422672223364,-0.2999208172396442,7.918276035584482e-05,-0.2999999161436848,-0.29992052385130225,7.947614869779906e-05,0.0005298765113104034,0.018008337760410675
0.7,-0.3999999999999999,-0.3994542508033067,0.0005457491966932015,-0.3999144414168194,8.555858318048948e-05,-0.39999996043870045,-0.39991430300839215,8.569699160776434e-05,0.0003555303787967775,0.009079659614508703
0.75,-0.5,-0.499589034042683,0.0004109659573169888,-0.49990799434739386,9.200565260614191e-05,-0.49999998130913675,-0.499907928959071,9.207104092900931e-05,0.0002374456307541625,0.004441429101879033
0.8,-0.6000000000000001,-0.5996808401758292,0.000319159824170856,-0.5999014886350736,9.851136492644574e-05,-0.5999999911546554,-0.5999014576910368,9.854230896333416e-05,0.00015795059264860325,0.002127798386085922
0.85,-0.7,-0.6997425084799459,0.00025749152005405396,-0.6998949303454204,0.0001050696545795704,-0.6999999958063814,-0.6998949156796103,0.00010508432038969229,0.00010470794154521937,0.0010053294986345426
0.9,-0.8,-0.7997831390712917,0.00021686092870831786,-0.799888322461387,0.00011167753861307528,-0.7999999980080174,-0.7998883154905706,0.00011168450942944386,6.92038734444815e-05,0.0004707606213916486
0.95,-0.8999999999999999,-0.8998091333526482,0.00019086664735168402,-0.8998816664860841,0.0001183335139157693,-0.8999999990519784,-0.8998816631703598,0.00011833682964013104,4.5617652963088446e-05,0.00021923195059658858
