alpha_lam,alpha_theta,gamma_tail_measured,gamma_max,W_lam,W_theta,gamma_lead_Nstar,gamma_fit_analytic,dev_lead,dev_fit,quadrant
0.05,0.05,0.9070185346498794,0.9,0.01795706966789869,0.009622955367484611,0.9,0.9065844847536458,-0.007018534649879338,-0.00043404989623352375,both
0.05,0.1,0.8883251864674558,0.9,0.01795706966789869,0.009263764082403104,0.8829615893087825,0.8879067598485386,-0.0053635971586732945,-0.00041842661891722255,both
0.05,0.15,0.8914237503100036,0.9,0.01795706966789869,0.008921497038749587,0.8854012732297492,0.8911236878483976,-0.006022477080254496,-0.0003000624616060765,both
0.05,0.2,0.8985771686093182,0.9,0.01795706966789869,0.008595276108506635,0.8912052486960168,0.8984003449986913,-0.007371919913301439,-0.00017682361062698604,both
0.05,0.25,0.9039001435181342,0.9,0.01795706966789869,0.008284271247461904,0.8954177893901814,0.9038057913700772,-0.00848235412795284,-9.435214805697534e-05,both
0.05,0.3,0.9069956813993088,0.9,0.01795706966789869,0.007987697769322356,0.8977857400350867,0.9069473491787291,-0.00920994136422204,-4.833222057964992e-05,both
0.05,0.35,0.9086206852071625,0.9,0.01795706966789869,0.0077048137781638775,0.8989768560963304,0.9085959526660885,-0.00964382911083217,-2.473254107404621e-05,both
0.05,0.4,0.9094311435413421,0.9,0.01795706966789869,0.007434917749851747,0.8995409564945794,0.9094180092886169,-0.0098901870467627,-1.3134252725199858e-05,both
0.05,0.45,0.9098240876746586,0.9,0.01795706966789869,0.007177346253629316,0.8997982986028201,0.9098165250970739,-0.010025789071838487,-7.562577584718788e-06,both
0.05,0.5,0.9100114844742923,0.9,0.01795706966789869,0.006931471805599454,0.8999127449853033,0.9100065646120683,-0.010098739488988984,-4.9198622239510215e-06,both
0.05,0.55,0.9100999750625297,0.9,0.01795706966789869,0.006696700846319255,0.8999627085530073,0.9100962996544044,-0.010137266509522402,-3.675408125292101e-06,amp
0.05,0.6,0.9101415147622407,0.9,0.01795706966789869,0.0064724718351937965,0.8999842158516145,0.9101384230200644,-0.010157298910626222,-3.0917421762755026e-06,amp
0.05,0.65,0.9101609482770837,0.9,0.01795706966789869,0.006258253454792151,0.8999933717859129,0.9101581297219342,-0.010167576491170838,-2.8185551494974703e-06,amp
0.05,0.7,0.9101700238079615,0.9,0.01795706966789869,0.006053542918620025,0.8999972348634246,0.9101673330166823,-0.010172788944536881,-2.6907912792362154e-06,amp
0.05,0.75,0.9101742592482307,0.9,0.01795706966789869,0.00585786437626905,0.8999988528201114,0.9101716282101103,-0.010175406428119316,-2.63103812037091e-06,amp
0.05,0.8,0.9101762359865807,0.9,0.01795706966789869,0.005670767410225882,0.8999995263064305,0.9101736329093326,-0.010176709680150164,-2.603077248086727e-06,amp
0.05,0.85,0.9101771590645861,0.9,0.01795706966789869,0.005491825618964885,0.8999998051945061,0.9101745690830684,-0.010177353870080008,-2.589981517697737e-06,amp
0.05,0.9,0.910177590493981,0.9,0.01795706966789869,0.005320635281268533,0.8999999201680159,0.9101750066528729,-0.01017767032596506,-2.5838411080725265e-06,amp
0.05,0.95,0.9101777923573814,0.9,0.01795706966789869,0.005156814097020596,0.8999999673849157,0.9101752113990678,-0.010177824972465666,-2.580958313624926e-06,amp
0.1,0.05,0.8689158012495745,0.9,0.01612915008035685,0.009622955367484611,0.8599782098261481,0.868476952214389,-0.008937591423426317,-0.00043884903518542906,both
0.1,0.1,0.8085540035658587,0.8,0.01612915008035685,0.009263764082403104,0.8,0.8081980451415419,-0.00855400356585867,-0.0003559584243167935,both
0.1,0.15,0.7905238908934772,0.8,0.01612915008035685,0.008921497038749587,0.7819534736895815,0.7902583983537096,-0.00857041720389573,-0.0002654925397675978,both
0.1,0.2,0.7940209476544416,0.8,0.01612915008035685,0.008595276108506635,0.7844236743060506,0.7938525928672556,-0.009597273348391,-0.00016835478718602026,both
0.1,0.25,0.8013208501149228,0.8,0.01612915008035685,0.008284271247461904,0.7905829903377842,0.8012259081942087,-0.010737859777138592,-9.49419207141311e-05,both
0.1,0.3,0.8066906111163075,0.8,0.01612915008035685,0.007987697769322356,0.7950852552992107,0.8066395793916343,-0.011605355817096763,-5.1031724673133994e-05,both
0.1,0.35,0.809801173740657,0.8,0.01612915008035685,0.0077048137781638775,0.7976228805564218,0.8097734365212717,-0.012178293184235134,-2.773721938531537e-05,both
0.1,0.4,0.8114314233849356,0.8,0.01612915008035685,0.007434917749851747,0.7989009443497749,0.8114153258227293,-0.012530479035160691,-1.609756220621872e-05,both
0.1,0.45,0.8122439502942619,0.8,0.01612915008035685,0.007177346253629316,0.7995066623389855,0.812233493160848,-0.0127372879552764,-1.0457133413854791e-05,both
0.1,0.5,0.8126378130354937,0.8,0.01612915008035685,0.006931471805599454,0.7997831366207371,0.8126300451754015,-0.012854676414756572,-7.76786009215602e-06,both
0.1,0.55,0.8128256546301997,0.8,0.01612915008035685,0.006696700846319255,0.7999061473295968,0.812819157783703,-0.012919507300602984,-6.496846496784059e-06,amp
0.1,0.6,0.8129143714402993,0.8,0.01612915008035685,0.0064724718351937965,0.7999598725780384,0.8129084724967268,-0.012954498862260966,-5.898943572502091e-06,amp
0.1,0.65,0.8129560287278422,0.8,0.01612915008035685,0.006258253454792151,0.7999830086595623,0.8129504103919956,-0.012973020068279939,-5.6183358466688205e-06,amp
0.1,0.7,0.8129755237284986,0.8,0.01612915008035685,0.006053542918620025,0.7999928619956951,0.8129700369682064,-0.012982661732803491,-5.486760292217063e-06,amp
0.1,0.75,0.8129846313490917,0.8,0.01612915008035685,0.00585786437626905,0.7999970210021718,0.8129792062829324,-0.012987610346919864,-5.425066159303604e-06,amp
0.1,0.8,0.8129888834495673,0.8,0.01612915008035685,0.005670767410225882,0.7999987636028254,0.8129834873269737,-0.012990119846741921,-5.3961225936483e-06,amp
0.1,0.85,0.812990868783153,0.8,0.01612915008035685,0.005491825618964885,0.7999994892641223,0.8129854862517525,-0.012991379519030621,-5.382531400477397e-06,amp
0.1,0.9,0.812991796267732,0.8,0.01612915008035685,0.005320635281268533,0.7999997898778033,0.8129864201257722,-0.0129920063899287,-5.3761419598341575e-06,amp
0.1,0.95,0.8129922299432043,0.8,0.01612915008035685,0.005156814097020596,0.7999999138572184,0.8129868568088944,-0.012992316085985944,-5.373134309927252e-06,amp
0.15,0.05,0.8668811026675823,0.9,0.01449301469761882,0.009622955367484611,0.8614597493288764,0.8665201087179918,-0.00542135333870597,-0.000360993949590549,both
0.15,0.1,0.7688082357144751,0.8,0.01449301469761882,0.009263764082403104,0.7616206551125657,0.7685176128481847,-0.007187580601909382,-0.0002906228662904464,both
0.15,0.15,0.7077408635103117,0.7,0.01449301469761882,0.008921497038749587,0.7,0.7075210137182738,-0.0077408635103117795,-0.00021984979203792943,both
0.15,0.2,0.6893911130154149,0.7,0.01449301469761882,0.008595276108506635,0.6808994216890812,0.689239831915988,-0.00849169132633365,-0.00015128109942685875,both
0.15,0.25,0.6928947153429844,0.7,0.01449301469761882,0.008284271247461904,0.6833864367287287,0.6928019718656651,-0.009508278614255739,-9.274347731935695e-05,both
0.15,0.3,0.7003085273659441,0.7,0.01449301469761882,0.007987697769322356,0.6899181934196327,0.7002552364728768,-0.010390333946311392,-5.329089306727042e-05,both
0.15,0.35,0.7057766503326639,0.7,0.01449301469761882,0.0077048137781638775,0.6947288870317702,0.7057457707290412,-0.011047763300893743,-3.087960362269104e-05,both
0.15,0.4,0.7089484009288077,0.7,0.01449301469761882,0.007434917749851747,0.6974480908784906,0.7089291213921817,-0.011500310050317153,-1.927953662606008e-05,both
0.15,0.45,0.7106121299782419,0.7,0.01449301469761882,0.007177346253629316,0.6988194047520245,0.7105985776047182,-0.011792725226217327,-1.3552373523628702e-05,both
0.15,0.5,0.7114418737420597,0.7,0.01449301469761882,0.006931471805599454,0.6994698049121219,0.7114310821196219,-0.011972068829937843,-1.0791622437777981e-05,both
0.15,0.55,0.7118442991060129,0.7,0.01449301469761882,0.006696700846319255,0.6997668338208393,0.7118348220896127,-0.012077465285173616,-9.477016400194493e-06,amp
0.15,0.6,0.7120363179181575,0.7,0.01449301469761882,0.0064724718351937965,0.6998990502540996,0.712027462994576,-0.012137267664057871,-8.854923581491647e-06,amp
0.15,0.65,0.7121270491650752,0.7,0.01449301469761882,0.006258253454792151,0.6999568206935664,0.7121184877417486,-0.012170228471508837,-8.561423326614026e-06,amp
0.15,0.7,0.7121696711231952,0.7,0.01449301469761882,0.006053542918620025,0.6999817090460312,0.7121612480070076,-0.012187962077163994,-8.423116187539215e-06,amp
0.15,0.75,0.7121896261525912,0.7,0.01449301469761882,0.00585786437626905,0.6999923129617184,0.7121812682031431,-0.012197313190872805,-8.357949448090096e-06,amp
0.15,0.8,0.7121989526285268,0.7,0.01449301469761882,0.005670767410225882,0.6999967905886636,0.7121906253998391,-0.01220216203986324,-8.327228687710075e-06,amp
0.15,0.85,0.712203308724246,0.7,0.01449301469761882,0.005491825618964885,0.6999986674435112,0.7121949959910854,-0.01220464128073473,-8.312733160598107e-06,amp
0.15,0.9,0.7122053434547491,0.7,0.01449301469761882,0.005320635281268533,0.6999994493243704,0.7121970375691956,-0.012205894130378647,-8.305885553450132e-06,amp
0.15,0.95,0.7122062944059263,0.7,0.01449301469761882,0.005156814097020596,0.6999997733568154,0.7121979917593216,-0.012206521049110908,-8.30264660467428e-06,amp
0.2,0.05,0.8785328297456557,0.9,0.013028002391394532,0.009622955367484611,0.876390215520871,0.8783037623676963,-0.002142614224784678,-0.00022906737795946874,both
0.2,0.1,0.7673327610529778,0.8,0.013028002391394532,0.009263764082403104,0.7635470240456519,0.7671282791202096,-0.0037857370073258734,-0.0002044819327681191,both
0.2,0.15,0.6684940540926296,0.7,0.013028002391394532,0.008921497038749587,0.6632369781449498,0.6683262789071964,-0.005257075947679879,-0.00016777518543320546,both
0.2,0.2,0.6061835712336408,0.6,0.013028002391394532,0.008595276108506635,0.6,0.6060574176081823,-0.006183571233640772,-0.000126153625458425,both
0.2,0.25,0.586925204722782,0.6,0.013028002391394532,0.008284271247461904,0.5797989606137964,0.5868389368783676,-0.007126244108985547,-8.626784441434499e-05,both
0.2,0.3,0.5902544131990473,0.6,0.013028002391394532,0.007987697769322356,0.582286726050731,0.5901998600225887,-0.007967687148316305,-5.45531764585272e-05,both
0.2,0.35,0.597807824552457,0.6,0.013028002391394532,0.0077048137781638775,0.5892081752973716,0.5977737152204824,-0.008599649255085384,-3.410933197456334e-05,both
0.2,0.4,0.6034329105864322,0.6,0.013028002391394532,0.007434917749851747,0.5943470270172928,0.6034101862237198,-0.009085883569139419,-2.2724362712445156e-05,both
0.2,0.45,0.6067083698799183,0.6,0.013028002391394532,0.007177346253629316,0.5972605079912586,0.6066914969341175,-0.009447861888659648,-1.6872945800772143e-05,both
0.2,0.5,0.6084299704041656,0.6,0.013028002391394532,0.006931471805599454,0.5987318227062859,0.6084159852069759,-0.009698147697879689,-1.3985197189647636e-05,both
0.2,0.55,0.6092896450372635,0.6,0.013028002391394532,0.006696700846319255,0.5994301934393567,0.609277056571855,-0.009859451597906799,-1.2588465408414073e-05,amp
0.2,0.6,0.6097069519617629,0.6,0.013028002391394532,0.0064724718351937965,0.5997493046890838,0.6096950324078089,-0.009957647272679115,-1.1919553954076179e-05,amp
0.2,0.65,0.6099062074138096,0.6,0.013028002391394532,0.006258253454792151,0.5998914161021929,0.6098946067049367,-0.010014791311616755,-1.160070887296083e-05,amp
0.2,0.7,0.6100004119948477,0.6,0.013028002391394532,0.006053542918620025,0.5999535365325537,0.6099889629643499,-0.010046875462293992,-1.1449030497767687e-05,amp
0.2,0.75,0.6100446880253971,0.6,0.013028002391394532,0.00585786437626905,0.5999803099692631,0.6100333111120076,-0.010064378056134027,-1.1376913389482546e-05,amp
0.2,0.8,0.6100654271170766,0.6,0.013028002391394532,0.005670767410225882,0.5999917216791404,0.6100540845026003,-0.010073705437936176,-1.1342614476217427e-05,amp
0.2,0.85,0.6100751242901449,0.6,0.013028002391394532,0.005491825618964885,0.5999965423493908,0.61006379800073,-0.010078581940754061,-1.1326289414914648e-05,amp
0.2,0.9,0.6100796554267687,0.6,0.013028002391394532,0.005320635281268533,0.599998563805529,0.6100683369155442,-0.010081091621239713,-1.1318511224489569e-05,amp
0.2,0.95,0.6100817727795033,0.6,0.013028002391394532,0.005156814097020596,0.5999994062621535,0.6100704579786562,-0.010082366517349728,-1.1314800847039841e-05,amp
0.25,0.05,0.8889391797061181,0.9,0.011715728752538105,0.009622955367484611,0.8881303360121562,0.888815336780553,-0.000808843693961947,-0.00012384292556510967,both
0.25,0.1,0.7791354938623115,0.8,0.011715728752538105,0.009263764082403104,0.7778302237322281,0.7790137014495395,-0.0013052701300834135,-0.00012179241277199271,both
0.25,0.15,0.6679288170362402,0.7,0.011715728752538105,0.008921497038749587,0.6655453029640862,0.6678158822034882,-0.0023835140721539805,-0.00011293483275198746,both
0.25,0.2,0.5684853887964613,0.6,0.011715728752538105,0.008595276108506635,0.564824060420632,0.5683889140432161,-0.0036613283758292203,-9.647475324514598e-05,both
0.25,0.25,0.5046139751201124,0.5,0.011715728752538105,0.008284271247461904,0.5,0.5045387194655677,-0.004613975120112412,-7.525565454469252e-05,both
0.25,0.3,0.4841436753426825,0.5,0.011715728752538105,0.007987697769322356,0.4786518108518919,0.4840896129842651,-0.005491864490790588,-5.4062358417372725e-05,both
0.25,0.35,0.4872327347696892,0.5,0.011715728752538105,0.0077048137781638775,0.4811216826466312,0.4871954311206933,-0.006111052123058014,-3.7303648995901106e-05,both
0.25,0.4,0.4949754678863821,0.5,0.011715728752538105,0.007434917749851747,0.48845011713154846,0.4949489214429721,-0.006525350754833625,-2.654644340999157e-05,both
0.25,0.45,0.5008148796883907,0.5,0.011715728752538105,0.007177346253629316,0.4939379101820133,0.500794348465417,-0.006876969506377395,-2.053122297362986e-05,both
0.25,0.5,0.504231910335466,0.5,0.011715728752538105,0.006931471805599454,0.49705920821467703,0.5042144992253964,-0.007172702120788965,-1.7411110069587288e-05,both
0.25,0.55,0.5060323557139981,0.5,0.011715728752538105,0.006696700846319255,0.4986377535244391,0.5060165028784097,-0.007394602189558952,-1.585283558835915e-05,amp
0.25,0.6,0.5069327096134861,0.5,0.011715728752538105,0.0064724718351937965,0.4993876230948899,0.5069176206794886,-0.007545086518596256,-1.5088933997486897e-05,amp
0.25,0.65,0.5073701917443164,0.5,0.011715728752538105,0.006258253454792151,0.49973045736113814,0.5073554739270227,-0.007639734383178276,-1.4717817293674607e-05,amp
0.25,0.7,0.5075792341722586,0.5,0.011715728752538105,0.006053542918620025,0.4998832044049074,0.5075646958847897,-0.007696029767351176,-1.453828746889041e-05,amp
0.25,0.75,0.5076781251615472,0.5,0.011715728752538105,0.00585786437626905,0.499950002499875,0.5076636735642771,-0.007728122661672221,-1.4451597270093153e-05,amp
0.25,0.8,0.507724627933057,0.5,0.011715728752538105,0.005670767410225882,0.4999788038568832,0.5077102181728861,-0.007745824076173746,-1.4409760170863706e-05,amp
0.25,0.85,0.5077464202538902,0.5,0.011715728752538105,0.005491825618964885,0.4999910849157835,0.5077320306869537,-0.007755335338106684,-1.4389566936445775e-05,amp
0.25,0.9,0.5077566143393784,0.5,0.011715728752538105,0.005320635281268533,0.49999627491412,0.5077422345238212,-0.0077603394252583335,-1.4379815557186149e-05,amp
0.25,0.95,0.5077613796378282,0.5,0.011715728752538105,0.005156814097020596,0.49999845211132515,0.5077470045345054,-0.007762927526503038,-1.4375103322805671e-05,amp
0.3,0.05,0.8951715193729481,0.9,0.010539830395483849,0.009622955367484611,0.8945829321427599,0.8951089187837997,-0.0005885872301882866,-6.260058914842048e-05,both
0.3,0.1,0.7892909259725872,0.8,0.010539830395483849,0.009263764082403104,0.788886048462038,0.7892240146091558,-0.0004048775105491842,-6.691136343139892e-05,both
0.3,0.15,0.6797369674948657,0.7,0.010539830395483849,0.008921497038749587,0.6791889446737436,0.6796678341545233,-0.0005480228211220961,-6.913334034241991e-05,both
0.3,0.2,0.5688545291022368,0.6,0.010539830395483849,0.008595276108506635,0.5674557758873324,0.5687868022611586,-0.001398753214904347,-6.772684107814175e-05,both
0.3,0.25,0.4688554680834971,0.5,0.010539830395483849,0.008284271247461904,0.4663790313021386,0.4687939288649857,-0.002476436781358504,-6.1539218511375e-05,both
0.3,0.3,0.40330235090120015,0.4,0.010539830395483849,0.007987697769322356,0.4,0.40325095393661525,-0.003302350901200124,-5.139696458489329e-05,both
0.3,0.35,0.38147941874572294,0.4,0.010539830395483849,0.0077048137781638775,0.3774579052062832,0.38143924915519484,-0.004021513539439747,-4.0169590528105203e-05,both
0.3,0.4,0.3843155949388122,0.4,0.010539830395483849,0.007434917749851747,0.3798884382224057,0.38428470405803206,-0.004427156716406477,-3.0890880780121144e-05,both
0.3,0.45,0.3923029134947344,0.4,0.010539830395483849,0.007177346253629316,0.38764106184062197,0.3922781544621932,-0.0046618516541124255,-2.4759032541177284e-05,both
0.3,0.5,0.39840940977072764,0.4,0.010539830395483849,0.006931471805599454,0.39349965812802207,0.39838817100244656,-0.004909751642705573,-2.1238768281084397e-05,both
0.3,0.55,0.40200146316561775,0.4,0.010539830395483849,0.006696700846319255,0.39684320318787875,0.4019820967273349,-0.005158259977738999,-1.9366438282819587e-05,amp
0.3,0.6,0.4038989880096139,0.4,0.010539830395483849,0.0064724718351937965,0.3985367203040119,0.4038805793318689,-0.005362267705601997,-1.840867774499655e-05,amp
0.3,0.65,0.404849291317281,0.4,0.010539830395483849,0.006258253454792151,0.39934187398493065,0.404831363017523,-0.005507417332350328,-1.792829975799659e-05,amp
0.3,0.7,0.4053114950314906,0.4,0.010539830395483849,0.006053542918620025,0.39971019315758183,0.40529380525492903,-0.005601301873908782,-1.7689776561580217e-05,amp
0.3,0.75,0.40553251028389314,0.4,0.010539830395483849,0.00585786437626905,0.3998743716738177,0.4055149383154369,-0.005658138610075469,-1.757196845625364e-05,amp
0.3,0.8,0.40563712667760055,0.4,0.010539830395483849,0.005670767410225882,0.39994619968150946,0.40561961272835517,-0.0056909269960910835,-1.7513949245373528e-05,amp
0.3,0.85,0.40568634678378196,0.4,0.010539830395483849,0.005491825618964885,0.3999771825665369,0.4056688613628677,-0.005709164217245044,-1.7485420914231664e-05,amp
0.3,0.9,0.4057094231106401,0.4,0.010539830395483849,0.005320635281268533,0.39999039919522006,0.4056919517046969,-0.005719023915420063,-1.7471405943214613e-05,amp
0.3,0.95,0.4057202224538099,0.4,0.010539830395483849,0.005156814097020596,0.39999598680867654,0.40570275792963406,-0.005724235645133358,-1.7464524175836438e-05,amp
0.35,0.05,0.8983698470601981,0.9,0.009485738438849395,0.009622955367484611,0.8976546214130814,0.8983380901782851,-0.0007152256471166796,-3.175688191292547e-05,both
0.35,0.1,0.795260568772618,0.8,0.009485738438849395,0.009263764082403104,0.7949320856322115,0.7952231453919828,-0.00032848314040645477,-3.742338063517092e-05,both
0.35,0.15,0.6895471762007015,0.7,0.009485738438849395,0.008921497038749587,0.6895948903347711,0.6895045652655014,4.771413406956526e-05,-4.261093520008252e-05,both
0.35,0.2,0.5805211137750993,0.6,0.009485738438849395,0.008595276108506635,0.580470189853094,0.5804744356219255,-5.092392200534146e-05,-4.667815317382917e-05,both
0.35,0.25,0.47003650509539785,0.5,0.009485738438849395,0.008284271247461904,0.4692799237339224,0.4699879583777579,-0.0007565813614754391,-4.8546717639930126e-05,both
0.35,0.3,0.3695426717490775,0.4,0.009485738438849395,0.007987697769322356,0.3678992841820491,0.36949559670876,-0.0016433875670284204,-4.707504031753462e-05,both
0.35,0.35,0.3023016816391706,0.30000000000000004,0.009485738438849395,0.0077048137781638775,0.30000000000000004,0.3022594557174327,-0.0023016816391705497,-4.222592173791506e-05,both
0.35,0.4,0.2790656826463593,0.30000000000000004,0.009485738438849395,0.007434917749851747,0.27621740745680834,0.279029952269359,-0.0028482751895509417,-3.5730377000275926e-05,both
0.35,0.45,0.28165479568390556,0.30000000000000004,0.009485738438849395,0.007177346253629316,0.2785841346881491,0.28162492087478047,-0.00307066099575648,-2.9874809125085555e-05,both
0.35,0.5,0.28993887086116865,0.30000000000000004,0.009485738438849395,0.006931471805599454,0.2867779128457478,0.28991308046309566,-0.0031609580154208783,-2.5790398072988996e-05,both
0.35,0.55,0.2963599043377502,0.30000000000000004,0.009485738438849395,0.006696700846319255,0.29303027317161146,0.29633655650539165,-0.003329631166138769,-2.3347832358577847e-05,amp
0.35,0.6,0.30015681441702846,0.30000000000000004,0.009485738438849395,0.0064724718351937965,0.2966114356295311,0.3001348099058976,-0.0035453787874973886,-2.2004511130879756e-05,amp
0.35,0.65,0.3021676304845729,0.30000000000000004,0.009485738438849395,0.006258253454792151,0.2984282116631272,0.30214633301018806,-0.0037394188214456836,-2.129747438484042e-05,amp
0.35,0.7,0.30317611252876736,0.30000000000000004,0.009485738438849395,0.006053542918620025,0.2992927100592027,0.30315517863434654,-0.003883402469564645,-2.0933894420815946e-05,amp
0.35,0.75,0.3036670715546432,0.30000000000000004,0.009485738438849395,0.00585786437626905,0.29968840608568365,0.30364632223442506,-0.00397866546895953,-2.0749320218116374e-05,amp
0.35,0.8,0.3039019993204827,0.30000000000000004,0.009485738438849395,0.005670767410225882,0.29986487117891186,0.3038813429936805,-0.004037128141570812,-2.0656326802148683e-05,amp
0.35,0.85,0.3040132637459578,0.30000000000000004,0.009485738438849395,0.005491825618964885,0.2999421077471174,0.3039926540476148,-0.004071155998840392,-2.0609698342999305e-05,amp
0.35,0.9,0.30406563730289954,0.30000000000000004,0.009485738438849395,0.005320635281268533,0.29997543734365095,0.3040450509087977,-0.004090199959248586,-2.058639410185137e-05,amp
0.35,0.95,0.30409020306336804,0.30000000000000004,0.009485738438849395,0.005156814097020596,0.29998966077862116,0.30406962828911366,-0.0041005422847468775,-2.057477425437826e-05,amp
0.4,0.05,0.899894626013079,0.9,0.008540477788792957,0.009622955367484611,0.8990167560510595,0.8998773416089265,-0.0008778699620195507,-1.7284404152495547e-05,both
0.4,0.1,0.7982924163002374,0.8,0.008540477788792957,0.009263764082403104,0.7978059077486929,0.7982692465848767,-0.0004865085515445289,-2.3169715360649157e-05,both
0.4,0.15,0.6952280845197883,0.7,0.008540477788792957,0.008921497038749587,0.6952589258977948,0.6951990897187587,3.084137800646314e-05,-2.899480102969143e-05,both
0.4,0.2,0.5899234965043786,0.6,0.008540477788792957,0.008595276108506635,0.5902596188533084,0.5898889511431611,0.0003361223489297682,-3.4545361217497295e-05,both
0.4,0.25,0.4814396648589976,0.5,0.008540477788792957,0.008284271247461904,0.4816776867951748,0.48140030602486417,0.000238021936177224,-3.935883413341834e-05,both
0.4,0.3,0.3713719959786202,0.4,0.008540477788792957,0.007987697769322356,0.3710194827814791,0.37132942590127116,-0.00035251319714108,-4.257007734903562e-05,both
0.4,0.35,0.27045908893680953,0.30000000000000004,0.008540477788792957,0.0077048137781638775,0.26938248831409245,0.2704160038668531,-0.0010766006227170832,-4.30850699564278e-05,both
0.4,0.4,0.20157800760974837,0.19999999999999996,0.008540477788792957,0.007434917749851747,0.19999999999999996,0.20153750278247742,-0.0015780076097484108,-4.0504827270942956e-05,both
0.4,0.45,0.17690255843986907,0.19999999999999996,0.008540477788792957,0.007177346253629316,0.17493072971710066,0.17686656247398772,-0.0019718287227684095,-3.5995965881358005e-05,both
0.4,0.5,0.17925178333703784,0.19999999999999996,0.008540477788792957,0.006931471805599454,0.17720594549400956,0.1792202762351344,-0.002045837843028281,-3.150710190344408e-05,both
0.4,0.55,0.18787840655025842,0.19999999999999996,0.008540477788792957,0.006696700846319255,0.18585743375552438,0.187850210431015,-0.0020209727947340383,-2.8196119243428797e-05,amp
0.4,0.6,0.19465664089758794,0.19999999999999996,0.008540477788792957,0.0064724718351937965,0.19252763226778605,0.19463050074365668,-0.002129008629801893,-2.6140153931264454e-05,amp
0.4,0.65,0.19868555379674802,0.19999999999999996,0.008540477788792957,0.006258253454792151,0.19636277486174714,0.1986605760701414,-0.00232277893500088,-2.4977726606617567e-05,amp
0.4,0.7,0.20082449473410596,0.19999999999999996,0.008540477788792957,0.006053542918620025,0.19831167932496138,0.2008001421730226,-0.002512815409144581,-2.435256108335171e-05,amp
0.4,0.75,0.20189870744367536,0.19999999999999996,0.008540477788792957,0.00585786437626905,0.19923987794593276,0.20187468205636125,-0.0026588294977425986,-2.4025387314108304e-05,amp
0.4,0.8,0.20242213068075718,0.19999999999999996,0.008540477788792957,0.005670767410225882,0.199664982305397,0.2023982738527447,-0.0027571483753601744,-2.385682801248068e-05,amp
0.4,0.85,0.202672757342918,0.19999999999999996,0.008540477788792957,0.005491825618964885,0.1998546527103647,0.20264898652075727,-0.0028181046325533032,-2.3770822160734673e-05,amp
0.4,0.9,0.20279152082570437,0.19999999999999996,0.008540477788792957,0.005320635281268533,0.19993770484552448,0.20276779360592473,-0.0028538159801798912,-2.3727219779640096e-05,amp
0.4,0.95,0.20284745073494012,0.19999999999999996,0.008540477788792957,0.005156814097020596,0.19997355877611173,0.20282374551942223,-0.002873891958828395,-2.3705215517894063e-05,amp
0.45,0.05,0.9005937584445377,0.9,0.007692489246074183,0.009622955367484611,0.8995966988886374,0.9005830135182082,-0.0009970595559003481,-1.0744926329464555e-05,both
0.45,0.1,0.79972926440032,0.8,0.007692489246074183,0.009263764082403104,0.7990799609420646,0.799712625417286,-0.0006493034582554236,-1.6638983033945287e-05,both
0.45,0.15,0.6980912803337259,0.7,0.007692489246074183,0.008921497038749587,0.6979474573713816,0.698068707837465,-0.0001438229623442755,-2.2572496260919728e-05,both
0.45,0.2,0.595303685172429,0.6,0.007692489246074183,0.008595276108506635,0.5955648576150299,0.595275216619459,0.00026117244260082106,-2.8468552970006833e-05,both
0.45,0.25,0.4903981015948288,0.5,0.007692489246074183,0.008284271247461904,0.4908828478761196,0.4903639421071266,0.0004847462812908043,-3.415948770219002e-05,both
0.45,0.3,0.38242250742088346,0.4,0.007692489246074183,0.007987697769322356,0.3828150679981473,0.3823832571582627,0.0003925605772638341,-3.9250262620749155e-05,both
0.45,0.35,0.2727805582640656,0.30000000000000004,0.007692489246074183,0.0077048137781638775,0.2726764098759179,0.2727375983025093,-0.00010414838814770677,-4.295996155628812e-05,both
0.45,0.4,0.1715260467587285,0.19999999999999996,0.007692489246074183,0.007434917749851747,0.17082659634457867,0.17148183287959234,-0.0006994504141498437,-4.421387913616792e-05,both
0.45,0.45,0.10107270303602027,0.09999999999999998,0.007692489246074183,0.007177346253629316,0.09999999999999998,0.10103025325990815,-0.0010727030360202922,-4.2449776112118975e-05,both
0.45,0.5,0.07494228100867516,0.09999999999999998,0.007692489246074183,0.006931471805599454,0.07359854812403603,0.07490370072201692,-0.001343732884639126,-3.858028665823521e-05,both
0.45,0.55,0.07705251598192951,0.09999999999999998,0.007692489246074183,0.006696700846319255,0.07575109949871953,0.07701806711611656,-0.0013014164832099856,-3.4448865812955476e-05,amp
0.45,0.6,0.08606041397745973,0.09999999999999998,0.007692489246074183,0.0064724718351937965,0.0848762491538518,0.0860291277618295,-0.0011841648236079333,-3.1286215630227376e-05,amp
0.45,0.65,0.09323466906892122,0.09999999999999998,0.007692489246074183,0.006258253454792151,0.09198948085412954,0.09320539203711853,-0.0012451882147916787,-2.9277031802693587e-05,amp
0.45,0.7,0.09752091425708478,0.09999999999999998,0.007692489246074183,0.006053542918620025,0.09609601209065109,0.09749279041266026,-0.001424902166433692,-2.8123844424521316e-05,amp
0.45,0.75,0.09980197352281969,0.09999999999999998,0.007692489246074183,0.00585786437626905,0.0981865355428986,0.09977447648506096,-0.001615437979921086,-2.7497037758728027e-05,amp
0.45,0.8,0.10094908099904783,0.09999999999999998,0.007692489246074183,0.005670767410225882,0.09918310570517547,0.10092191462193469,-0.00176597529387236,-2.7166377113141404e-05,amp
0.45,0.85,0.10150849872448924,0.09999999999999998,0.007692489246074183,0.005491825618964885,0.09963979955705561,0.10148150378624221,-0.001868699167433624,-2.6994938247024147e-05,amp
0.45,0.9,0.10177652869900765,0.09999999999999998,0.007692489246074183,0.005320635281268533,0.09984366232305823,0.10174962169496632,-0.0019328663759494158,-2.6907004041329396e-05,amp
0.45,0.95,0.10190360479405895,0.09999999999999998,0.007692489246074183,0.005156814097020596,0.09993296749260358,0.10187674256913436,-0.001970637301455372,-2.6862224924595335e-05,amp
0.5,0.05,0.9009073376827157,0.9,0.006931471805599454,0.009622955367484611,0.899837190055577,0.900899480793486,-0.00107014762713864,-7.856889229662656e-06,both
0.5,0.1,0.8003858219039315,0.8,0.006931471805599454,0.009263764082403104,0.7996224947657624,0.8003720875794937,-0.0007633271381690676,-1.3734324437741918e-05,both
0.5,0.15,0.6994426262301917,0.7,0.006931471805599454,0.008921497038749587,0.6991391027545945,0.6994229525518812,-0.000303523475597256,-1.9673678310461185e-05,both
0.5,0.2,0.5979999637946812,0.6,0.006931471805599454,0.008595276108506635,0.5980798956445229,0.5979743248746066,7.993184984167456e-05,-2.5638920074677607e-05,both
0.5,0.25,0.4954757871187085,0.5,0.006931471805599454,0.008284271247461904,0.4958511998115472,0.49544421659121335,0.0003754126928386947,-3.1570527495139444e-05,both
0.5,0.3,0.39092102039434207,0.4,0.006931471805599454,0.007987697769322356,0.39146705289898936,0.39088370683813584,0.000546032504647298,-3.7313556206231e-05,both
0.5,0.35,0.2834192242331251,0.30000000000000004,0.006931471805599454,0.0077048137781638775,0.28388586198454874,0.2833767319996203,0.0004666377514236375,-4.2492233504776156e-05,both
0.5,0.4,0.17420791253583026,0.19999999999999996,0.006931471805599454,0.007434917749851747,0.17425284899786903,0.17416156300462468,4.493646203876378e-05,-4.634953120558061e-05,both
0.5,0.45,0.07268256489483463,0.09999999999999998,0.006931471805599454,0.007177346253629316,0.07222984768170329,0.07263476268146941,-0.0004527172131313373,-4.780221336521395e-05,both
0.5,0.5,0.0007286266467288347,0.0,0.006931471805599454,0.006931471805599454,0.0,0.000682432190868307,-0.0007286266467288347,-4.6194455860527656e-05,both
0.5,0.55,-0.026871754917806433,0.0,0.006931471805599454,0.006696700846319255,-0.027778183619201903,-0.026914082990192212,-0.0009064287013954703,-4.2328072385779125e-05,amp
0.5,0.6,-0.02500862413890139,0.0,0.006931471805599454,0.0064724718351937965,-0.025783092599028824,-0.025046687278102733,-0.0007744684601274331,-3.80631392013428e-05,amp
0.5,0.65,-0.015587371015604947,0.0,0.006931471805599454,0.006258253454792151,-0.01616915333108542,-0.015622107773349181,-0.0005817823154804745,-3.473675774423417e-05,amp
0.5,0.7,-0.007981130422147592,0.0,0.006931471805599454,0.006053542918620025,-0.00858657334559922,-0.008013731614836182,-0.0006054429234516271,-3.26011926885892e-05,amp
0.5,0.75,-0.003413299531697461,0.0,0.006931471805599454,0.00585786437626905,-0.0041901445624069784,-0.003444667990985899,-0.0007768450307095174,-3.1368459288437945e-05,amp
0.5,0.8,-0.0009765374777227037,0.0,0.006931471805599454,0.005670767410225882,-0.0019478496427708495,-0.0010072338094615678,-0.0009713121650481458,-3.0696331738864113e-05,amp
0.5,0.85,0.00025046707321113576,0.0,0.006931471805599454,0.005491825618964885,-0.0008778985049885186,0.0002201259461061178,-0.0011283655781996543,-3.034112710501797e-05,amp
0.5,0.9,0.0008493434397325693,0.0,0.006931471805599454,0.005320635281268533,-0.0003872734519238389,0.0008191866880600181,-0.0012366168916564083,-3.0156751672551175e-05,amp
0.5,0.95,0.001136453615452841,0.0,0.006931471805599454,0.005156814097020596,-0.00016815793738367862,0.0011063915077042386,-0.0013046115528365196,-3.006210774860233e-05,amp
0.55,0.05,0.9010461843402845,0.9,0.006248242824068325,0.009622955367484611,0.899935073613982,0.901039581176123,-0.0011111107263025444,-6.603164161456121e-06,rot
0.55,0.1,0.8006797240574679,0.8,0.006248242824068325,0.009263764082403104,0.7998475458155206,0.8006672560011234,-0.0008321782419472568,-1.2468056344472345e-05,rot
0.55,0.15,0.700058726462376,0.7,0.006248242824068325,0.008921497038749587,0.6996466392729974,0.7000403273460255,-0.0004120871893785738,-1.8399116350487077e-05,rot
0.55,0.2,0.5992688901187572,0.6,0.006248242824068325,0.008595276108506635,0.5991944434465104,0.5992445177944367,-7.444667224676405e-05,-2.437232432050962e-05,rot
0.55,0.25,0.49800967258271006,0.5,0.006248242824068325,0.008284271247461904,0.49820380798228653,0.4979793069846039,0.0001941353995764672,-3.036559810615236e-05,rot
0.55,0.3,0.3957013405603653,0.4,0.006248242824068325,0.007987697769322356,0.3961191907070852,0.3956650185374051,0.0004178501467198559,-3.6322022960222355e-05,rot
0.55,0.35,0.2914560613082156,0.30000000000000004,0.006248242824068325,0.0077048137781638775,0.2920145762292016,0.2914139752149475,0.0005585149209859641,-4.208609326811219e-05,rot
0.55,0.4,0.1843994688488062,0.19999999999999996,0.006248242824068325,0.007434917749851747,0.18489348624760368,0.1843521867695836,0.0004940173987974805,-4.7282079222610296e-05,rot
0.55,0.45,0.07561971982321343,0.09999999999999998,0.006248242824068325,0.007177346253629316,0.07575109949871953,0.07556856893459973,0.00013137967550609642,-5.115088861369632e-05,rot
0.55,0.5,-0.026115523530492245,0.0,0.006248242824068325,0.006931471805599454,-0.026409232069033832,-0.026168106812949364,-0.0002937085385415865,-5.25832824571186e-05,rot
0.55,0.55,-0.099501104976862,-0.10000000000000009,0.006248242824068325,0.006696700846319255,-0.10000000000000009,-0.09955195356653067,-0.0004988950231380879,-5.084858966866723e-05,equiv
0.55,0.6,-0.1285896091394812,-0.10000000000000009,0.006248242824068325,0.0064724718351937965,-0.12919822332883038,-0.12863630228889772,-0.0006086141893491825,-4.669314941652125e-05,equiv
0.55,0.65,-0.1269911364098107,-0.10000000000000009,0.006248242824068325,0.006258253454792151,-0.1273992092840396,-0.12703318898684832,-0.0004080728742289208,-4.205257703762677e-05,equiv
0.55,0.7,-0.11713033133852303,-0.10000000000000009,0.006248242824068325,0.006053542918620025,-0.11728241948412459,-0.11716872980711476,-0.00015208814560155326,-3.8398468591729906e-05,equiv
0.55,0.75,-0.10905812667485164,-0.10000000000000009,0.006248242824068325,0.00585786437626905,-0.10920306650964128,-0.10909416783099539,-0.0001449398347896369,-3.604115614375125e-05,equiv
0.55,0.8,-0.10418493450517684,-0.10000000000000009,0.006248242824068325,0.005670767410225882,-0.10449707528383562,-0.104219612917933,-0.00031214077865877876,-3.4678412756158905e-05,equiv
0.55,0.85,-0.10157895522731104,-0.10000000000000009,0.006248242824068325,0.005491825618964885,-0.1020921513260775,-0.10161289082446251,-0.0005131960987664608,-3.393559715146599e-05,equiv
0.55,0.9,-0.10026503771636558,-0.10000000000000009,0.006248242824068325,0.005320635281268533,-0.10094344785517195,-0.10029858114074117,-0.0006784101388063735,-3.3543424375587216e-05,equiv
0.55,0.95,-0.09962321804159455,-0.10000000000000009,0.006248242824068325,0.005156814097020596,-0.1004163777042038,-0.09965655815013384,-0.0007931596626092469,-3.3340108539295366e-05,equiv
0.6,0.05,0.9011071979081933,0.9,0.005634614002046258,0.009622955367484611,0.8999743588050737,0.9011011296771966,-0.001132839103119565,-6.068230996691959e-06,rot
0.6,0.1,0.800809713482666,0.8,0.005634614002046258,0.009263764082403104,0.7999391794604044,0.800797787390736,-0.0008705340222616709,-1.1926091930014593e-05,rot
0.6,0.15,0.7003341840333113,0.7,0.005634614002046258,0.008921497038749587,0.6998572421328797,0.7003163337316934,-0.00047694190043157114,-1.7850301617827746e-05,rot
0.6,0.2,0.599846571022905,0.6,0.005634614002046258,0.008595276108506635,0.5996692386711728,0.5998227507861289,-0.00017733235173211792,-2.382023677605094e-05,rot
0.6,0.25,0.49919979301816986,0.5,0.005634614002046258,0.008284271247461904,0.4992462280151842,0.4991699664810425,4.643499701434406e-05,-2.982653712735317e-05,rot
0.6,0.3,0.39807914734575467,0.4,0.005634614002046258,0.007987697769322356,0.3983197423581449,0.3980432978007095,0.00024059501239021008,-3.5849545045152365e-05,rot
0.6,0.35,0.2959485410409613,0.30000000000000004,0.005634614002046258,0.0077048137781638775,0.2963699923326896,0.29590671124445916,0.0004214512917283253,-4.182979650213525e-05,rot
0.6,0.4,0.19198235176052086,0.19999999999999996,0.005634614002046258,0.007434917749851747,0.19252763226778605,0.19193474488295614,0.0005452805072651834,-4.760687756472093e-05,rot
0.6,0.45,0.08534656397229248,0.09999999999999998,0.005634614002046258,0.007177346253629316,0.0858412418984155,0.08529376548808723,0.0004946779261230105,-5.2798484205252016e-05,rot
0.6,0.5,-0.023004872479252276,0.0,0.005634614002046258,0.006931471805599454,-0.0228264137559913,-0.02306150605883265,0.0001784587232609748,-5.6633579580373655e-05,rot
0.6,0.55,-0.12489899593976575,-0.10000000000000009,0.005634614002046258,0.006696700846319255,-0.12509183529937387,-0.12495696374471857,-0.00019283935960812126,-5.7967804952818724e-05,equiv
0.6,0.6,-0.1996518811467757,-0.19999999999999996,0.005634614002046258,0.0064724718351937965,-0.19999999999999996,-0.19970787701945555,-0.0003481188532242496,-5.599587267984818e-05,equiv
0.6,0.65,-0.23025042656184722,-0.19999999999999996,0.005634614002046258,0.006258253454792151,-0.2306600325251968,-0.23030184828193662,-0.0004096059633495741,-5.142172008940071e-05,equiv
0.6,0.7,-0.22894306949759913,-0.19999999999999996,0.005634614002046258,0.006053542918620025,-0.2290996867776982,-0.22898935069517556,-0.0001566172800990806,-4.628119757643656e-05,equiv
0.6,0.75,-0.2186216442882613,-0.19999999999999996,0.005634614002046258,0.00585786437626905,-0.21846732328031737,-0.2186638487285739,0.0001543210079439361,-4.220444031258208e-05,equiv
0.6,0.8,-0.21005078581318526,-0.19999999999999996,0.005634614002046258,0.005670767410225882,-0.20986268484056053,-0.21009035144969543,0.00018810097262472736,-3.956563651016931e-05,equiv
0.6,0.85,-0.20484846506161614,-0.19999999999999996,0.005634614002046258,0.005491825618964885,-0.20482625404840188,-0.2048865047587946,2.2211013214257225e-05,-3.803969717847133e-05,equiv
0.6,0.9,-0.20205955915675597,-0.19999999999999996,0.005634614002046258,0.005320635281268533,-0.20224709284428855,-0.2020967681444208,-0.00018753368753257615,-3.7208987664821835e-05,equiv
0.6,0.95,-0.2006515624195128,-0.19999999999999996,0.005634614002046258,0.005156814097020596,-0.2010138783704547,-0.20068833368440564,-0.0003623159509419105,-3.6771264892848654e-05,equiv
0.65,0.05,0.901133893752195,0.9,0.005083281365659614,0.009622955367484611,0.8999899535347198,0.9011280485692764,-0.0011439402174752145,-5.845182918573499e-06,rot
0.65,0.1,0.8008668007729158,0.8,0.005083281365659614,0.009263764082403104,0.7999759707696544,0.8008551013058777,-0.0008908300032614003,-1.1699467038162048e-05,rot
0.65,0.15,0.7004559404997655,0.7,0.005083281365659614,0.008921497038749587,0.6999430253496088,0.7004383209081761,-0.000512915150156612,-1.761959158930182e-05,rot
0.65,0.2,0.6001046683683374,0.6,0.005083281365659614,0.008595276108506635,0.5998663212687732,0.600081082600071,-0.00023834709956427336,-2.3585768266443097e-05,rot
0.65,0.25,0.4997410976806522,0.5,0.005083281365659614,0.008284271247461904,0.499690392325694,0.49971150485229604,-5.070535495821371e-05,-2.9592828356184153e-05,rot
0.65,0.3,0.399194399998281,0.4,0.005083281365659614,0.007987697769322356,0.3992946855966426,0.3991587652185383,0.00010028559836161577,-3.5634779742665934e-05,rot
0.65,0.35,0.2981776043335106,0.30000000000000004,0.005083281365659614,0.0077048137781638775,0.2984282116631272,0.29813591377599175,0.0002506073296166256,-4.169055751884754e-05,rot
0.65,0.4,0.19619908646035017,0.19999999999999996,0.005083281365659614,0.007434917749851747,0.1966046949317015,0.19615138956818018,0.00040560847135132083,-4.769689216999051e-05,rot
0.65,0.45,0.09248919189279689,0.09999999999999998,0.005083281365659614,0.007177346253629316,0.09300831284458308,0.09243570420239912,0.0005191209517861894,-5.348769039777157e-05,rot
0.65,0.5,-0.01374790658627693,0.0,0.005083281365659614,0.006931471805599454,-0.0132676901723428,-0.01380657927002858,0.00048021641393413035,-5.867268375164998e-05,rot
0.65,0.55,-0.12167800432723999,-0.10000000000000009,0.005083281365659614,0.006696700846319255,-0.121477168166673,-0.12174047055259969,0.00020083616056698617,-6.246622535970026e-05,equiv
0.65,0.6,-0.22368876628989393,-0.19999999999999996,0.005083281365659614,0.0064724718351937965,-0.2238188798596127,-0.22375245126854984,-0.00013011356971878718,-6.36849786559146e-05,equiv
0.65,0.65,-0.2997491482407976,-0.30000000000000004,0.005083281365659614,0.006258253454792151,-0.30000000000000004,-0.29981059176740954,-0.00025085175920241953,-6.14435266119151e-05,equiv
0.65,0.7,-0.3318826671231741,-0.30000000000000004,0.005083281365659614,0.006053542918620025,-0.3321617721572669,-0.3319390645802679,-0.00027910503409278586,-5.639745709379307e-05,equiv
0.65,0.75,-0.33090094510032886,-0.30000000000000004,0.005083281365659614,0.00585786437626905,-0.33088678526185994,-0.3309516335944215,1.4159838468918995e-05,-5.0688494092621106e-05,equiv
0.65,0.8,-0.3201023554917607,-0.30000000000000004,0.005083281365659614,0.005670767410225882,-0.3197277597630798,-0.32014848151454517,0.000374595728680871,-4.6126022784476195e-05,equiv
0.65,0.85,-0.31100091742053576,-0.30000000000000004,0.005083281365659614,0.005491825618964885,-0.3105682705538884,-0.3110440790796987,0.000432646866647346,-4.316165916296022e-05,equiv
0.65,0.9,-0.3054453462922103,-0.30000000000000004,0.005083281365659614,0.005320635281268533,-0.30517925435909643,-0.3054867930074405,0.0002660919331138878,-4.144671523020893e-05,equiv
0.65,0.95,-0.30245940113505976,-0.30000000000000004,0.005083281365659614,0.005156814097020596,-0.3024134490845372,-0.3024999154677133,4.595205052254636e-05,-4.051433265356286e-05,equiv
0.7,0.05,0.9011455489132659,0.9,0.004587727643917039,0.009622955367484611,0.8999960895097986,0.9011397933210329,-0.0011494594034673344,-5.755592233036566e-06,rot
0.7,0.1,0.8008917712013317,0.8,0.004587727643917039,0.009263764082403104,0.7999905813647531,0.8008801630558734,-0.0009011898365786086,-1.160814545830835e-05,rot
0.7,0.15,0.7005093976524106,0.7,0.004587727643917039,0.008921497038749587,0.6999774812807573,0.7004918715675471,-0.0005319163716532849,-1.752608486349505e-05,rot
0.7,0.2,0.6002187180761757,0.6,0.004587727643917039,0.008595276108506635,0.5999466278601273,0.6001952283385787,-0.0002720902160483485,-2.348973759691564e-05,rot
0.7,0.25,0.4999828528435274,0.5,0.004587727643917039,0.008284271247461904,0.49987482274657075,0.499953357619131,-0.00010803009695664612,-2.949522439638086e-05,rot
0.7,0.3,0.3997013688101446,0.4,0.004587727643917039,0.007987697769322356,0.39971019315758183,0.39966582741196277,8.824347437208502e-06,-3.554139818184865e-05,rot
0.7,0.35,0.2992220666726969,0.30000000000000004,0.004587727643917039,0.0077048137781638775,0.2993400304942026,0.29918044479624645,0.00011796382150569551,-4.162187645045945e-05,rot
0.7,0.4,0.19828721977820454,0.19999999999999996,0.004587727643917039,0.007434917749851747,0.19852969592176614,0.19823950647939872,0.00024247614356159852,-4.7713298805818205e-05,rot
0.7,0.45,0.09644361222639515,0.09999999999999998,0.004587727643917039,0.007177346253629316,0.09682432114635557,0.0963898634902594,0.0003807089199604208,-5.3748736135755815e-05,rot
0.7,0.5,-0.0070282930408776464,0.0,0.004587727643917039,0.006931471805599454,-0.006541407440942266,-0.007087849994540496,0.0004868855999353803,-5.955695366284975e-05,rot
0.7,0.55,-0.11288759928292921,-0.10000000000000009,0.004587727643917039,0.006696700846319255,-0.11243025179491303,-0.11295233965965956,0.00045734748801617986,-6.474037673034894e-05,equiv
0.7,0.6,-0.22040629341753398,-0.19999999999999996,0.004587727643917039,0.0064724718351937965,-0.22019856899573134,-0.22047479263490563,0.00020772442180264084,-6.84992173716481e-05,equiv
0.7,0.65,-0.32249877706273616,-0.30000000000000004,0.004587727643917039,0.006258253454792151,-0.3225910193810596,-0.32256838727884457,-9.224231832344332e-05,-6.961021610840668e-05,equiv
0.7,0.7,-0.3998106387470491,-0.3999999999999999,0.004587727643917039,0.006053542918620025,-0.3999999999999999,-0.3998777405646782,-0.00018936125295082595,-6.71018176290894e-05,equiv
0.7,0.75,-0.43350590215373824,-0.3999999999999999,0.004587727643917039,0.00585786437626905,-0.4337013022595918,-0.43356746901301985,-0.00019540010585356038,-6.156685928160321e-05,equiv
0.7,0.8,-0.4328915406695521,-0.3999999999999999,0.004587727643917039,0.005670767410225882,-0.43276255299005156,-0.43294678827758154,0.00012898767950053625,-5.524760802944062e-05,equiv
0.7,0.85,-0.42160335123653314,-0.3999999999999999,0.004587727643917039,0.005491825618964885,-0.4210677357937915,-0.42165350208441954,0.000535615442741666,-5.0150847886398786e-05,equiv
0.7,0.9,-0.41193979985366974,-0.3999999999999999,0.004587727643917039,0.005320635281268533,-0.41132282765392203,-0.41198662319185325,0.0006169721997477118,-4.6823338183510366e-05,equiv
0.7,0.95,-0.4060062243239175,-0.3999999999999999,0.004587727643917039,0.005156814097020596,-0.4055577552457629,-0.4060511203715295,0.0004484690781546008,-4.489604761204191e-05,equiv
0.75,0.05,0.9011506340158273,0.9,0.0041421356237309505,0.009622955367484611,0.8999984862874582,0.9011449119660074,-0.001152147728369135,-5.722049819856245e-06,rot
0.75,0.1,0.800902671407349,0.8,0.0041421356237309505,0.009263764082403104,0.7999963324254091,0.8008910976100073,-0.0009063389819399248,-1.1573797341735137e-05,rot
0.75,0.15,0.7005327784417694,0.7,0.0041421356237309505,0.008921497038749587,0.6999911699201821,0.7005152878084089,-0.0005416085215873556,-1.7490633360539576e-05,rot
0.75,0.2,0.6002687887904097,0.6,0.0041421356237309505,0.008595276108506635,0.599978896774692,0.6002453359563468,-0.0002898920157177187,-2.345283406290921e-05,rot
0.75,0.25,0.5000896731143905,0.5,0.0041421356237309505,0.008284271247461904,0.499950002499875,0.500060216254932,-0.0001396706145154747,-2.9456859458432127e-05,rot
0.75,0.3,0.3999277560512259,0.4,0.0041421356237309505,0.007987697769322356,0.3998827835312929,0.3998922528524348,-4.497251993296203e-05,-3.550319879108699e-05,rot
0.75,0.35,0.29969670790922387,0.30000000000000004,0.0041421356237309505,0.0077048137781638775,0.2997287280649577,0.29965511701245434,3.202015573383621e-05,-4.159089676952776e-05,rot
0.75,0.4,0.19926497173713803,0.19999999999999996,0.0041421356237309505,0.007434917749851747,0.19938246314097377,0.19921725950429703,0.00011749140383573997,-4.771223284100179e-05,rot
0.75,0.45,0.09839874786701702,0.09999999999999998,0.0041421356237309505,0.007177346253629316,0.0986246443734104,0.09834490621489608,0.00022589650639337489,-5.38416521209395e-05,rot
0.75,0.5,-0.0033222284126778715,0.0,0.0041421356237309505,0.006931471805599454,-0.00297017000518609,-0.003382137539375335,0.00035205840749178135,-5.9909126697463636e-05,rot
0.75,0.55,-0.1065718545026589,-0.10000000000000009,0.0041421356237309505,0.006696700846319255,-0.10611966591286373,-0.1066375937120791,0.0004521885897951633,-6.57392094202125e-05,equiv
0.75,0.6,-0.21207348651165261,-0.19999999999999996,0.0041421356237309505,0.0064724718351937965,-0.21164350884886796,-0.2121444148930229,0.00042997766278465854,-7.092838137029434e-05,equiv
0.75,0.65,-0.31919288664518397,-0.30000000000000004,0.0041421356237309505,0.006258253454792151,-0.31898797272609974,-0.3192675508866188,0.0002049139190842264,-7.466424143481865e-05,equiv
0.75,0.7,-0.42133815740175024,-0.3999999999999999,0.0041421356237309505,0.006053542918620025,-0.4214086560280764,-0.4214138422371817,-7.049862632618753e-05,-7.568483543146654e-05,equiv
0.75,0.75,-0.4998484468185923,-0.5,0.0041421356237309505,0.00585786437626905,-0.5,-0.49992137340979814,-0.00015155318140769314,-7.292659120583522e-05,equiv
0.75,0.8,-0.5351328607848521,-0.5,0.0041421356237309505,0.005670767410225882,-0.5352761858676177,-0.5351997628778852,-0.00014332508276559963,-6.690209303306105e-05,equiv
0.75,0.85,-0.5349340305068467,-0.5,0.0041421356237309505,0.005491825618964885,-0.5347287885860406,-0.5349939738679347,0.0002052419208061762,-5.994336108794407e-05,equiv
0.75,0.9,-0.5231476830935566,-0.5,0.0041421356237309505,0.005320635281268533,-0.5224913584355076,-0.5232019523733227,0.0006563246580489901,-5.426927976603935e-05,equiv
0.75,0.95,-0.5128906333396712,-0.5,0.0041421356237309505,0.005156814097020596,-0.5121295274050083,-0.5129411769848522,0.0007611059346629423,-5.05436451809782e-05,equiv
0.8,0.05,0.9011528536634812,0.9,0.0037413112289730846,0.009622955367484611,0.8999994168148508,0.9011471423176615,-0.0011534368486303404,-5.711345819725544e-06,rot
0.8,0.1,0.8009074265601664,0.8,0.0037413112289730846,0.009263764082403104,0.799998579752786,0.8008958638257171,-0.000908846807380459,-1.1562734449355183e-05,rot
0.8,0.15,0.7005429848868111,0.7,0.0037413112289730846,0.008921497038749587,0.6999965602387087,0.7005255058498822,-0.0005464246481023949,-1.7479036928946812e-05,rot
0.8,0.2,0.6002906900350554,0.6,0.0037413112289730846,0.008595276108506635,0.5999917216791404,0.6002672495701765,-0.00029896835591503024,-2.3440464878898837e-05,rot
0.8,0.25,0.5001365740349959,0.5,0.0037413112289730846,0.008284271247461904,0.49998022327365876,0.5001071305036705,-0.00015635076133713177,-2.944353132539046e-05,rot
0.8,0.3,0.40002779288789175,0.4,0.0037413112289730846,0.007987697769322356,0.3999531637762454,0.39999230365382243,-7.462911164635155e-05,-3.548923406931914e-05,rot
0.8,0.35,0.29990866066909455,0.30000000000000004,0.0037413112289730846,0.0077048137781638775,0.2998902381971774,0.2998670821191303,-1.842247191713442e-05,-4.1578549964227385e-05,rot
0.8,0.4,0.1997092343395969,0.19999999999999996,0.0037413112289730846,0.007434917749851747,0.19974607831689084,0.19966152464303064,3.684397729394884e-05,-4.770969656625601e-05,rot
0.8,0.45,0.09931378064846301,0.09999999999999998,0.0037413112289730846,0.007177346253629316,0.09942217100035403,0.09925990705259542,0.0001083903518910162,-5.387359586758733e-05,rot
0.8,0.5,-0.0014922662423879013,0.0,0.0037413112289730846,0.006931471805599454,-0.001286522573713205,-0.0015523090963922585,0.00020574366867469633,-6.00428540043572e-05,rot
0.8,0.55,-0.10310016916322248,-0.10000000000000009,0.0037413112289730846,0.006696700846319255,-0.10277787935574677,-0.10316631412296924,0.0003222898074757147,-6.614495974675838e-05,equiv
0.8,0.6,-0.20614163059028054,-0.19999999999999996,0.0037413112289730846,0.0064724718351937965,-0.20572470657913275,-0.20621363178853566,0.0004169240111477901,-7.200119825512274e-05,equiv
0.8,0.65,-0.31130504796723246,-0.30000000000000004,0.0037413112289730846,0.006258253454792151,-0.3109046515735395,-0.31138225129688973,0.00040039639369293667,-7.720332965727161e-05,equiv
0.8,0.7,-0.4180387597629442,-0.3999999999999999,0.0037413112289730846,0.006053542918620025,-0.4178427081752172,-0.4181196884205271,0.0001960515877270086,-8.092865758291268e-05,equiv
0.8,0.75,-0.5202127575393649,-0.5,0.0037413112289730846,0.00585786437626905,-0.5202719552376559,-0.5202946346062481,-5.919769829099142e-05,-8.187706688322915e-05,equiv
0.8,0.8,-0.599870700629222,-0.6000000000000001,0.0037413112289730846,0.005670767410225882,-0.6000000000000001,-0.5999495877770445,-0.00012929937077810205,-7.888714782255946e-05,equiv
0.8,0.85,-0.6367712354358261,-0.6000000000000001,0.0037413112289730846,0.005491825618964885,-0.6368836974320697,-0.6368436103745172,-0.00011246199624359576,-7.237493869105549e-05,equiv
0.8,0.9,-0.6370419103415114,-0.6000000000000001,0.0037413112289730846,0.005320635281268533,-0.6367870019202221,-0.6371066599090123,0.0002549084212892794,-6.474956750091021e-05,equiv
0.8,0.95,-0.6247526451341571,-0.6000000000000001,0.0037413112289730846,0.005156814097020596,-0.6240028207292181,-0.6248111062473699,0.0007498244049389813,-5.8461113212837645e-05,equiv
0.85,0.05,0.9011538239611574,0.9,0.0033806152149265527,0.009622955367484611,0.8999997762272536,0.9011481145139706,-0.001154047733903818,-5.709447186807992e-06,rot
0.85,0.1,0.8009095017731583,0.8,0.0033806152149265527,0.009263764082403104,0.7999994526068532,0.8008979410869657,-0.0009100491663051047,-1.1560686192679803e-05,rot
0.85,0.15,0.7005474375022779,0.7,0.0033806152149265527,0.008921497038749587,0.6999986674435112,0.7005299607603596,-0.0005487700587666344,-1.7476741918320826e-05,rot
0.85,0.2,0.6003002518502323,0.6,0.0033806152149265527,0.008595276108506635,0.5999967738973339,0.6002768140702507,-0.0003034779528984233,-2.3437779981594353e-05,rot
0.85,0.25,0.5001570923518541,0.5,0.0033806152149265527,0.008284271247461904,0.4999922389609496,0.5001276520562151,-0.0001648533909045513,-2.9440295639004965e-05,rot
0.85,0.3,0.40007172351424164,0.4,0.0033806152149265527,0.007987697769322356,0.39998146641281235,0.4000362380946803,-9.025710142929189e-05,-3.548541956133189e-05,rot
0.85,0.35,0.30000233470598364,0.30000000000000004,0.0033806152149265527,0.0077048137781638775,0.29995612526157484,0.29996075992532656,-4.620944440880681e-05,-4.15747806570832e-05,rot
0.85,0.4,0.19990764317397217,0.19999999999999996,0.0033806152149265527,0.007434917749851747,0.19989721908419336,0.19985993438990213,-1.042408977880438e-05,-4.7708784070038535e-05,rot
0.85,0.45,0.09972953511808434,0.09999999999999998,0.0033806152149265527,0.007177346253629316,0.0997623199214053,0.09967565039180934,3.2784803320959344e-05,-5.3884726275002515e-05,rot
0.85,0.5,-0.0006361060870901098,0.0,0.0033806152149265527,0.006931471805599454,-0.0005406705915972773,-0.0006961984759674425,9.543549549283247e-05,-6.009238887733277e-05,rot
0.85,0.55,-0.10138780050618516,-0.10000000000000009,0.0033806152149265527,0.006696700846319255,-0.10120341150859535,-0.1014541034021645,0.00018438899758980998,-6.630289597933658e-05,equiv
0.85,0.6,-0.20289064210451774,-0.19999999999999996,0.0033806152149265527,0.0064724718351937965,-0.20259796401375943,-0.20296308386612558,0.0002926780907583082,-7.244176160783877e-05,equiv
0.85,0.65,-0.30573695227146785,-0.30000000000000004,0.0033806152149265527,0.006258253454792151,-0.3053548749864936,-0.30581527984411594,0.0003820772849742471,-7.832757264808476e-05,equiv
0.85,0.7,-0.41058094847490595,-0.3999999999999999,0.0033806152149265527,0.006053542918620025,-0.4102109940024784,-0.4106644971559761,0.0003699544724275472,-8.354868107013358e-05,equiv
0.85,0.75,-0.5169435401011884,-0.5,0.0033806152149265527,0.00585786437626905,-0.516760095396324,-0.5170308122860691,0.00018344470486442166,-8.727218488069344e-05,equiv
0.85,0.8,-0.619126212956838,-0.6000000000000001,0.0033806152149265527,0.005670767410225882,-0.619180862007865,-0.6192143705751808,-5.464905102703366e-05,-8.8157618342799e-05,equiv
0.85,0.85,-0.6998828226757013,-0.7,0.0033806152149265527,0.005491825618964885,-0.7,-0.699967759606178,-0.00011717732429861183,-8.49369304766201e-05,equiv
0.85,0.9,-0.7384251283802463,-0.7,0.0033806152149265527,0.005320635281268533,-0.7385208358714194,-0.738503048700383,-9.570749117304711e-05,-7.792032013664851e-05,equiv
0.85,0.95,-0.7392245569833916,-0.7,0.0033806152149265527,0.005156814097020596,-0.7389383740496372,-0.7392941385230093,0.0002861829337543753,-6.958153961766911e-05,equiv
0.9,0.05,0.901154249179494,0.9,0.003055902497566175,0.009622955367484611,0.8999999144381983,0.9011485386122473,-0.0011543347412957816,-5.710567246741682e-06,rot
0.9,0.1,0.8009104085608078,0.8,0.003055902497566175,0.009263764082403104,0.7999997898778033,0.800898846809565,-0.0009106186830044605,-1.1561751242727958e-05,rot
0.9,0.15,0.7005493805945981,0.7,0.003055902497566175,0.008921497038749587,0.6999994862014574,0.7005319028951519,-0.0005498943931407929,-1.7477699446266648e-05,rot
0.9,0.2,0.6003044237763997,0.6,0.003055902497566175,0.008595276108506635,0.5999987497199282,0.6002809852264095,-0.0003056740564715277,-2.343854999020678e-05,rot
0.9,0.25,0.5001660522628197,0.5,0.003055902497566175,0.008284271247461904,0.4999969742884396,0.5001366114901986,-0.0001690779743801496,-2.9440772621125433e-05,rot
0.9,0.3,0.4000909470223787,0.4,0.003055902497566175,0.007987697769322356,0.3999927239364757,0.40005546150524324,-9.82230859029598e-05,-3.548551713544734e-05,rot
0.9,0.35,0.30004348134354425,0.30000000000000004,0.003055902497566175,0.0077048137781638775,0.2999826314655377,0.30000190673006066,-6.08498780065303e-05,-4.157461348358593e-05,rot
0.9,0.4,0.199995351643983,0.19999999999999996,0.003055902497566175,0.007434917749851747,0.1999588996542836,0.1999476424013919,-3.645198969939867e-05,-4.770924259109299e-05,rot
0.9,0.45,0.09991524549746335,0.09999999999999998,0.003055902497566175,0.007177346253629316,0.0999037564442295,0.09986135639008305,-1.1489053233851299e-05,-5.3889107380300505e-05,rot
0.9,0.5,-0.0002470789136601483,0.0,0.003055902497566175,0.006931471805599454,-0.00022247603067310855,-0.0003071896426555757,2.4602882987039774e-05,-6.0110728995427384e-05,rot
0.9,0.55,-0.10058684226318747,-0.10000000000000009,0.003055902497566175,0.006696700846319255,-0.10050589763824891,-0.10065320523255147,8.09446249385587e-05,-6.63629693640061e-05,equiv
0.9,0.6,-0.20128860773918494,-0.19999999999999996,0.003055902497566175,0.0064724718351937965,-0.20112565429690735,-0.2013612234542476,0.0001629534422775969,-7.261571506264608e-05,equiv
0.9,0.65,-0.30269345455524743,-0.30000000000000004,0.003055902497566175,0.006258253454792151,-0.30242963397890904,-0.30277224715990575,0.0002638205763383916,-7.879260465831761e-05,equiv
0.9,0.7,-0.40535676533698545,-0.3999999999999999,0.003055902497566175,0.006053542918620025,-0.40500861319225756,-0.405441475422535,0.0003481521447278868,-8.471008554955528e-05,equiv
0.9,0.75,-0.5098994269711069,-0.5,0.003055902497566175,0.00585786437626905,-0.5095599726518534,-0.5099893790965334,0.0003394543192535293,-8.995212542650677e-05,equiv
0.9,0.8,-0.6159060306523643,-0.6000000000000001,0.003055902497566175,0.005670767410225882,-0.6157374624306444,-0.6159997019343596,0.00016856822171984476,-9.367128199533337e-05,equiv
0.9,0.85,-0.71808068185875,-0.7,0.003055902497566175,0.005491825618964885,-0.718135118311787,-0.7181751520142019,-5.4436453037043364e-05,-9.447015545194226e-05,equiv
0.9,0.9,-0.7998884639341893,-0.8,0.003055902497566175,0.005320635281268533,-0.8,-0.7999794250554741,-0.0001115360658107134,-9.096112128481604e-05,equiv
0.9,0.95,-0.8400963574298994,-0.8,0.003055902497566175,0.005156814097020596,-0.840184342285818,-0.8401795426816777,-8.798485591854366e-05,-8.318525177830605e-05,equiv
0.95,0.05,0.901154436226504,0.9,0.0027634682502098657,0.009622955367484611,0.8999999673849157,0.9011487238042788,-0.0011544688415883186,-5.712422225245817e-06,rot
0.95,0.1,0.8009108056288298,0.8,0.0027634682502098657,0.009263764082403104,0.7999999196259424,0.8008992420369164,-0.0009108860028873567,-1.1563591913343885e-05,rot
0.95,0.15,0.7005502294681641,0.7,0.0027634682502098657,0.008921497038749587,0.6999998026956443,0.7005327499704117,-0.0005504267725198186,-1.747949775243729e-05,rot
0.95,0.2,0.6003062445013966,0.6,0.0027634682502098657,0.008595276108506635,0.5999995177349755,0.6002828042384876,-0.00030672676642107266,-2.3440262909013576e-05,rot
0.95,0.25,0.500169962359142,0.5,0.0027634682502098657,0.008284271247461904,0.49999882691943215,0.5001405200207647,-0.00017113543970986855,-2.94423383773168e-05,rot
0.95,0.3,0.4000993437225105,0.4,0.0027634682502098657,0.007987697769322356,0.39999716224263515,0.4000638568572876,-0.00010218147987534065,-3.5486865222866815e-05,rot
0.95,0.35,0.3000614917885059,0.30000000000000004,0.0027634682502098657,0.0077048137781638775,0.29999317863780245,0.3000199160639944,-6.831315070343624e-05,-4.157572451146674e-05,rot
0.95,0.4,0.20003388909658074,0.19999999999999996,0.0027634682502098657,0.007434917749851747,0.1999837233670569,0.1999861787390908,-5.01657295238489e-05,-4.771035748993291e-05,rot
0.95,0.45,0.09999736305260823,0.09999999999999998,0.0027634682502098657,0.007177346253629316,0.09996149883597898,0.09994347170284165,-3.5864216629252765e-05,-5.389134976657717e-05,rot
0.95,0.5,-7.326765313364755e-05,0.0,0.0027634682502098657,0.006931471805599454,-9.012142236358366e-05,-0.00013338546515243385,-1.6853769229936106e-05,-6.01178120187863e-05,rot
0.95,0.55,-0.10022285642032007,-0.10000000000000009,0.0027634682502098657,0.006696700846319255,-0.10020824304445242,-0.10028924206231286,1.46133758676531e-05,-6.63856419927944e-05,equiv
0.95,0.6,-0.2005393713567586,-0.19999999999999996,0.0027634682502098657,0.0064724718351937965,-0.20047335674550945,-0.20061205425994375,6.601461124913777e-05,-7.268290318515613e-05,equiv
0.95,0.65,-0.3011948543008187,-0.30000000000000004,0.0027634682502098657,0.006258253454792151,-0.3010529064673426,-0.30127383246224243,0.00014194783347609707,-7.897816142371505e-05,equiv
0.95,0.7,-0.40250812823382515,-0.3999999999999999,0.0027634682502098657,0.006053542918620025,-0.4022721489417607,-0.40259332148282745,0.00023597929206442547,-8.519324900230218e-05,equiv
0.95,0.75,-0.5049998516363222,-0.5,0.0027634682502098657,0.00585786437626905,-0.504684454870744,-0.5050909925410559,0.00031539676557823526,-9.114090473372194e-05,equiv
0.95,0.8,-0.6092585256838859,-0.6000000000000001,0.0027634682502098657,0.005670767410225882,-0.6089491445807397,-0.6093549196115811,0.00030938110314626677,-9.639392769511534e-05,equiv
0.95,0.85,-0.7149245545365372,-0.7,0.0027634682502098657,0.005491825618964885,-0.7147721599990734,-0.7150246329889309,0.00015239453746385134,-0.00010007845239368152,equiv
0.95,0.9,-0.817077410619381,-0.8,0.0027634682502098657,0.005320635281268533,-0.8171342812386336,-0.8171780527635315,-5.687061925263581e-05,-0.00010064214415050898,equiv
0.95,0.95,-0.8998909010118316,-0.8999999999999999,0.0027634682502098657,0.005156814097020596,-0.8999999999999999,-0.8999868932887942,-0.00010909898816835462,-9.599227696266421e-05,equiv
